creation,customer_group,customer_name,customer_type,email_id,gender,mobile_no,modified,name,territory,website
2026-01-11 06:01:24.910269,Individual,Adnan Ahmed 831,Individual,adnan.ahmed31@gmail.com,Male,+8801488807028,2026-01-11 06:01:25.881023,Adnan Ahmed 831,Suburban Branch,active
2026-01-11 05:56:44.623138,Individual,Adnan Begum 248,Individual,adnan.begum45@gmail.com,Male,+8801949432165,2026-01-11 05:56:45.508612,Adnan Begum 248,Downtown Branch,active
2026-01-11 06:01:03.299255,Individual,Adnan Begum 595,Individual,adnan.begum26@gmail.com,Male,+8801895608610,2026-01-11 06:01:04.260987,Adnan Begum 595,Suburban Branch,active
2026-01-11 06:01:32.498483,Individual,Adnan Malik 605,Individual,adnan.malik70@gmail.com,Male,+8801614996990,2026-01-11 06:01:32.914261,Adnan Malik 605,Southgate Branch,at_risk
2026-01-11 05:57:00.323446,Individual,Adnan Malik 886,Individual,adnan.malik79@gmail.com,Female,+8801468658690,2026-01-11 05:57:01.205531,Adnan Malik 886,Eastside Branch,active
2026-01-11 05:56:25.906252,Individual,Adnan Rahman 879,Individual,adnan.rahman84@gmail.com,Male,+8801533121156,2026-01-11 05:56:26.789796,Adnan Rahman 879,Eastside Branch,active
2026-01-11 06:01:02.605512,Individual,Adnan Sheikh 861,Individual,adnan.sheikh96@gmail.com,Female,+8801871195971,2026-01-11 06:01:03.122839,Adnan Sheikh 861,Downtown Branch,active
2026-01-11 05:55:50.839975,Individual,Adnan Siddiqui 930,Individual,adnan.siddiqui45@gmail.com,Female,+8801495991882,2026-01-11 05:55:51.199056,Adnan Siddiqui 930,Eastside Branch,at_risk
2026-01-11 06:00:24.907921,Individual,Adnan Uddin 544,Individual,adnan.uddin37@gmail.com,Male,+8801692318799,2026-01-11 06:00:25.333951,Adnan Uddin 544,Downtown Branch,at_risk
2026-01-11 05:59:53.011412,Individual,Adnan Uddin 872,Individual,adnan.uddin6@gmail.com,Male,+8801743708657,2026-01-11 05:59:53.912307,Adnan Uddin 872,Downtown Branch,active
2026-01-11 05:56:28.282888,Individual,Ahmed Ahmed 194,Individual,ahmed.ahmed53@gmail.com,Female,+8801663104729,2026-01-11 05:56:28.642750,Ahmed Ahmed 194,Westend Branch,active
2026-01-11 05:59:58.812718,Individual,Ahmed Ahmed 576,Individual,ahmed.ahmed34@gmail.com,Male,+8801732027260,2026-01-11 05:59:59.695656,Ahmed Ahmed 576,Suburban Branch,churned
2026-01-11 05:57:12.038710,Individual,Ahmed Akter 210,Individual,ahmed.akter5@gmail.com,Female,+8801537029692,2026-01-11 05:57:12.399760,Ahmed Akter 210,Mall Branch,active
2026-01-11 05:57:59.268801,Individual,Ahmed Hassan 346,Individual,ahmed.hassan2@gmail.com,Female,+8801513112488,2026-01-11 05:58:00.178774,Ahmed Hassan 346,Southgate Branch,at_risk
2026-01-11 06:00:45.453974,Individual,Ahmed Hossain 236,Individual,ahmed.hossain53@gmail.com,Male,+8801898919967,2026-01-11 06:00:45.828495,Ahmed Hossain 236,Industrial Branch,active
2026-01-11 05:55:53.442943,Individual,Ahmed Hossain 591,Individual,ahmed.hossain63@gmail.com,Female,+8801538781555,2026-01-11 05:55:54.334821,Ahmed Hossain 591,Industrial Branch,at_risk
2026-01-11 05:58:39.640905,Individual,Ahmed Islam 701,Individual,ahmed.islam74@gmail.com,Male,+8801473210927,2026-01-11 05:58:40.004528,Ahmed Islam 701,Westend Branch,active
2026-01-11 06:00:17.487269,Individual,Ahmed Islam 715,Individual,ahmed.islam39@gmail.com,Male,+8801351698831,2026-01-11 06:00:17.850050,Ahmed Islam 715,Westend Branch,active
2026-01-11 05:56:22.972774,Individual,Ahmed Khan 226,Individual,ahmed.khan97@gmail.com,Female,+8801658635576,2026-01-11 05:56:23.331747,Ahmed Khan 226,Eastside Branch,active
2026-01-11 06:01:41.506844,Individual,Ahmed Mirza 273,Individual,ahmed.mirza45@gmail.com,Female,+8801567383550,2026-01-11 06:01:41.906552,Ahmed Mirza 273,Industrial Branch,at_risk
2026-01-11 05:58:20.113389,Individual,Ahmed Mirza 682,Individual,ahmed.mirza21@gmail.com,Female,+8801324984436,2026-01-11 05:58:20.473580,Ahmed Mirza 682,Industrial Branch,active
2026-01-11 05:55:57.243987,Individual,Ahmed Rahman 293,Individual,ahmed.rahman80@gmail.com,Male,+8801566148903,2026-01-11 05:55:57.603097,Ahmed Rahman 293,Uptown Branch,active
2026-01-11 06:00:27.143742,Individual,Ahmed Shah 649,Individual,ahmed.shah64@gmail.com,Female,+8801802211680,2026-01-11 06:00:28.107390,Ahmed Shah 649,Mall Branch,active
2026-01-11 05:57:17.708619,Individual,Ahmed Shah 989,Individual,ahmed.shah99@gmail.com,Female,+8801788531695,2026-01-11 05:57:18.589160,Ahmed Shah 989,Westend Branch,active
2026-01-11 05:58:50.961928,Individual,Ali Ahmed 692,Individual,ali.ahmed9@gmail.com,Female,+8801309394702,2026-01-11 05:58:51.904273,Ali Ahmed 692,Suburban Branch,active
2026-01-11 05:56:32.724618,Individual,Ali Akter 943,Individual,ali.akter2@gmail.com,Female,+8801830851007,2026-01-11 05:56:33.127921,Ali Akter 943,Southgate Branch,at_risk
2026-01-11 06:00:31.607691,Individual,Ali Ali 113,Individual,ali.ali69@gmail.com,Male,+8801737833780,2026-01-11 06:00:32.500985,Ali Ali 113,University Branch,churned
2026-01-11 05:59:54.358555,Individual,Ali Ali 673,Individual,ali.ali91@gmail.com,Female,+8801944611518,2026-01-11 05:59:54.719491,Ali Ali 673,Westend Branch,active
2026-01-11 05:59:54.842864,Individual,Ali Hassan 648,Individual,ali.hassan91@gmail.com,Female,+8801874506063,2026-01-11 05:59:55.731816,Ali Hassan 648,Industrial Branch,active
2026-01-11 06:00:29.937989,Individual,Ali Hassan 673,Individual,ali.hassan52@gmail.com,Male,+8801501725231,2026-01-11 06:00:30.909517,Ali Hassan 673,Westend Branch,active
2026-01-11 05:56:07.857528,Individual,Ali Hassan 732,Individual,ali.hassan99@gmail.com,Female,+8801955048027,2026-01-11 05:56:08.220364,Ali Hassan 732,Airport Branch,active
2026-01-11 05:57:55.878882,Individual,Ali Khan 779,Individual,ali.khan18@gmail.com,Male,+8801785485313,2026-01-11 05:57:56.242522,Ali Khan 779,Southgate Branch,active
2026-01-11 05:56:18.167137,Individual,Ali Rahman 294,Individual,ali.rahman94@gmail.com,Male,+8801900088396,2026-01-11 05:56:18.525459,Ali Rahman 294,Westend Branch,at_risk
2026-01-11 05:57:43.868867,Individual,Ali Rahman 873,Individual,ali.rahman45@gmail.com,Female,+8801570546656,2026-01-11 05:57:44.231134,Ali Rahman 873,Airport Branch,active
2026-01-11 05:57:44.353427,Individual,Ali Rahman 999,Individual,ali.rahman72@gmail.com,Female,+8801376804302,2026-01-11 05:57:44.712835,Ali Rahman 999,Mall Branch,active
2026-01-11 05:56:23.969931,Individual,Ali Shah 712,Individual,ali.shah46@gmail.com,Male,+8801798105905,2026-01-11 05:56:24.331027,Ali Shah 712,Airport Branch,active
2026-01-11 06:00:25.993430,Individual,Ali Sheikh 213,Individual,ali.sheikh90@gmail.com,Male,+8801357167435,2026-01-11 06:00:26.427439,Ali Sheikh 213,Westend Branch,active
2026-01-11 05:58:48.288765,Individual,Ali Siddiqui 776,Individual,ali.siddiqui28@gmail.com,Male,+8801949725548,2026-01-11 05:58:49.227446,Ali Siddiqui 776,Mall Branch,active
2026-01-11 05:56:23.456830,Individual,Amina Ahmed 220,Individual,amina.ahmed99@gmail.com,Male,+8801313095314,2026-01-11 05:56:23.843796,Amina Ahmed 220,Eastside Branch,active
2026-01-11 05:57:08.571869,Individual,Amina Ahmed 570,Individual,amina.ahmed71@gmail.com,Male,+8801743925106,2026-01-11 05:57:09.456979,Amina Ahmed 570,Industrial Branch,active
2026-01-11 05:57:47.830283,Individual,Amina Ahmed 901,Individual,amina.ahmed39@gmail.com,Male,+8801458953654,2026-01-11 05:57:48.185263,Amina Ahmed 901,Mall Branch,active
2026-01-11 05:59:18.010073,Individual,Amina Akter 582,Individual,amina.akter3@gmail.com,Female,+8801620074226,2026-01-11 05:59:18.368081,Amina Akter 582,University Branch,at_risk
2026-01-11 06:00:04.182121,Individual,Amina Begum 462,Individual,amina.begum69@gmail.com,Male,+8801356716298,2026-01-11 06:00:05.105970,Amina Begum 462,Southgate Branch,active
2026-01-11 06:01:31.949890,Individual,Amina Chowdhury 571,Individual,amina.chowdhury62@gmail.com,Female,+8801804088204,2026-01-11 06:01:32.366375,Amina Chowdhury 571,Uptown Branch,active
2026-01-11 05:59:30.228083,Individual,Amina Hossain 641,Individual,amina.hossain19@gmail.com,Female,+8801344137943,2026-01-11 05:59:30.585860,Amina Hossain 641,Eastside Branch,churned
2026-01-11 05:59:50.997947,Individual,Amina Islam 228,Individual,amina.islam17@gmail.com,Male,+8801982620531,2026-01-11 05:59:51.883627,Amina Islam 228,Eastside Branch,active
2026-01-11 06:00:59.278105,Individual,Amina Islam 308,Individual,amina.islam81@gmail.com,Male,+8801760857101,2026-01-11 06:00:59.723720,Amina Islam 308,Southgate Branch,churned
2026-01-11 06:00:07.265382,Individual,Amina Islam 404,Individual,amina.islam51@gmail.com,Male,+8801877514134,2026-01-11 06:00:07.642108,Amina Islam 404,Downtown Branch,active
2026-01-11 05:58:58.627054,Individual,Amina Malik 574,Individual,amina.malik8@gmail.com,Female,+8801339027236,2026-01-11 05:58:58.986968,Amina Malik 574,Airport Branch,churned
2026-01-11 05:57:42.863011,Individual,Amina Mirza 803,Individual,amina.mirza57@gmail.com,Male,+8801678423458,2026-01-11 05:57:43.745296,Amina Mirza 803,University Branch,at_risk
2026-01-11 05:59:46.493358,Individual,Amina Mirza 932,Individual,amina.mirza64@gmail.com,Female,+8801448466078,2026-01-11 05:59:46.858740,Amina Mirza 932,Industrial Branch,active
2026-01-11 06:00:10.601263,Individual,Amina Rahman 191,Individual,amina.rahman53@gmail.com,Male,+8801953645128,2026-01-11 06:00:10.968028,Amina Rahman 191,Mall Branch,at_risk
2026-01-11 05:57:37.595439,Individual,Amina Rahman 462,Individual,amina.rahman24@gmail.com,Female,+8801672219800,2026-01-11 05:57:38.488750,Amina Rahman 462,Industrial Branch,at_risk
2026-01-11 06:00:09.587732,Individual,Amina Sheikh 428,Individual,amina.sheikh25@gmail.com,Female,+8801953095086,2026-01-11 06:00:10.477311,Amina Sheikh 428,Airport Branch,active
2026-01-11 05:58:32.692691,Individual,Amina Sheikh 757,Individual,amina.sheikh8@gmail.com,Male,+8801708496699,2026-01-11 05:58:32.784178,Amina Sheikh 757,Suburban Branch,active
2026-01-11 06:00:34.032450,Individual,Amina Siddiqui 290,Individual,amina.siddiqui5@gmail.com,Female,+8801937531441,2026-01-11 06:00:34.437872,Amina Siddiqui 290,Uptown Branch,active
2026-01-11 05:57:25.511812,Individual,Amina Siddiqui 852,Individual,amina.siddiqui61@gmail.com,Female,+8801303368372,2026-01-11 05:57:26.402123,Amina Siddiqui 852,Industrial Branch,active
2026-01-11 06:00:43.926353,Individual,Amina Uddin 743,Individual,amina.uddin34@gmail.com,Male,+8801718329051,2026-01-11 06:00:44.824916,Amina Uddin 743,Uptown Branch,at_risk
2026-01-11 06:01:29.780697,Individual,Ayesha Ahmed 845,Individual,ayesha.ahmed94@gmail.com,Female,+8801939529460,2026-01-11 06:01:30.744193,Ayesha Ahmed 845,Eastside Branch,active
2026-01-11 06:00:47.320248,Individual,Ayesha Akter 459,Individual,ayesha.akter66@gmail.com,Female,+8801739236502,2026-01-11 06:00:47.681732,Ayesha Akter 459,Mall Branch,active
2026-01-11 05:56:11.874058,Individual,Ayesha Begum 406,Individual,ayesha.begum4@gmail.com,Female,+8801718605617,2026-01-11 05:56:12.234210,Ayesha Begum 406,Southgate Branch,active
2026-01-11 06:01:11.293141,Individual,Ayesha Begum 434,Individual,ayesha.begum92@gmail.com,Female,+8801718021323,2026-01-11 06:01:11.753160,Ayesha Begum 434,Airport Branch,active
2026-01-11 05:57:32.875920,Individual,Ayesha Begum 647,Individual,ayesha.begum18@gmail.com,Male,+8801490302701,2026-01-11 05:57:33.230646,Ayesha Begum 647,Mall Branch,active
2026-01-11 06:00:38.199528,Individual,Ayesha Begum 941,Individual,ayesha.begum1@gmail.com,Female,+8801781449339,2026-01-11 06:00:39.111821,Ayesha Begum 941,Airport Branch,at_risk
2026-01-11 05:59:48.484565,Individual,Ayesha Chowdhury 152,Individual,ayesha.chowdhury29@gmail.com,Female,+8801616622389,2026-01-11 05:59:49.377056,Ayesha Chowdhury 152,Uptown Branch,at_risk
2026-01-11 06:00:19.478273,Individual,Ayesha Chowdhury 559,Individual,ayesha.chowdhury3@gmail.com,Male,+8801914595325,2026-01-11 06:00:20.402288,Ayesha Chowdhury 559,Mall Branch,at_risk
2026-01-11 05:59:21.549098,Individual,Ayesha Hassan 464,Individual,ayesha.hassan16@gmail.com,Male,+8801386876239,2026-01-11 05:59:22.436555,Ayesha Hassan 464,Airport Branch,active
2026-01-11 05:58:19.141965,Individual,Ayesha Hassan 582,Individual,ayesha.hassan4@gmail.com,Male,+8801979871862,2026-01-11 05:58:19.503488,Ayesha Hassan 582,Downtown Branch,active
2026-01-11 06:00:14.614979,Individual,Ayesha Islam 339,Individual,ayesha.islam90@gmail.com,Male,+8801608073122,2026-01-11 06:00:14.975809,Ayesha Islam 339,Airport Branch,churned
2026-01-11 05:57:05.783885,Individual,Ayesha Khan 330,Individual,ayesha.khan28@gmail.com,Male,+8801465858480,2026-01-11 05:57:06.665596,Ayesha Khan 330,Downtown Branch,at_risk
2026-01-11 05:56:03.361475,Individual,Ayesha Mirza 102,Individual,ayesha.mirza33@gmail.com,Female,+8801539521092,2026-01-11 05:56:03.718676,Ayesha Mirza 102,Mall Branch,active
2026-01-11 05:57:52.058902,Individual,Ayesha Mirza 172,Individual,ayesha.mirza52@gmail.com,Male,+8801613876377,2026-01-11 05:57:52.950305,Ayesha Mirza 172,Airport Branch,active
2026-01-11 05:58:22.080134,Individual,Ayesha Mirza 793,Individual,ayesha.mirza41@gmail.com,Male,+8801483018435,2026-01-11 05:58:22.439160,Ayesha Mirza 793,Industrial Branch,churned
2026-01-11 05:55:49.333140,Individual,Ayesha Shah 198,Individual,ayesha.shah29@gmail.com,Male,+8801972609651,2026-01-11 05:55:49.693163,Ayesha Shah 198,Industrial Branch,active
2026-01-11 06:00:48.777633,Individual,Ayesha Shah 420,Individual,ayesha.shah98@gmail.com,Male,+8801889706902,2026-01-11 06:00:49.679431,Ayesha Shah 420,Suburban Branch,at_risk
2026-01-11 06:01:15.838770,Individual,Ayesha Shah 587,Individual,ayesha.shah61@gmail.com,Male,+8801564614677,2026-01-11 06:01:16.304227,Ayesha Shah 587,Southgate Branch,active
2026-01-11 05:58:58.088729,Individual,Ayesha Sheikh 362,Individual,ayesha.sheikh71@gmail.com,Male,+8801542020009,2026-01-11 05:58:58.501502,Ayesha Sheikh 362,Mall Branch,active
2026-01-11 05:57:41.034221,Individual,Ayesha Siddiqui 492,Individual,ayesha.siddiqui75@gmail.com,Male,+8801483581188,2026-01-11 05:57:41.923314,Ayesha Siddiqui 492,Southgate Branch,active
2026-01-11 05:59:56.337487,Individual,Ayesha Siddiqui 845,Individual,ayesha.siddiqui43@gmail.com,Male,+8801791128658,2026-01-11 05:59:56.692877,Ayesha Siddiqui 845,Uptown Branch,active
2026-01-11 05:57:17.229852,Individual,Bilal Ali 103,Individual,bilal.ali12@gmail.com,Female,+8801418624548,2026-01-11 05:57:17.585709,Bilal Ali 103,Mall Branch,active
2026-01-11 05:57:37.112718,Individual,Bilal Hassan 289,Individual,bilal.hassan25@gmail.com,Male,+8801513219625,2026-01-11 05:57:37.472736,Bilal Hassan 289,Westend Branch,active
2026-01-11 05:56:18.649686,Individual,Bilal Islam 698,Individual,bilal.islam51@gmail.com,Male,+8801448508256,2026-01-11 05:56:19.005907,Bilal Islam 698,Mall Branch,churned
2026-01-11 05:56:30.746146,Individual,Bilal Malik 737,Individual,bilal.malik26@gmail.com,Male,+8801487858963,2026-01-11 05:56:31.102775,Bilal Malik 737,Uptown Branch,active
2026-01-11 05:56:30.261489,Individual,Bilal Shah 402,Individual,bilal.shah72@gmail.com,Male,+8801731755705,2026-01-11 05:56:30.622173,Bilal Shah 402,Industrial Branch,churned
2026-01-11 05:56:49.157686,Individual,Bilal Sheikh 751,Individual,bilal.sheikh8@gmail.com,Female,+8801523258334,2026-01-11 05:56:49.518127,Bilal Sheikh 751,Industrial Branch,active
2026-01-11 05:58:01.317539,Individual,Bilal Siddiqui 994,Individual,bilal.siddiqui19@gmail.com,Male,+8801979558440,2026-01-11 05:58:02.209439,Bilal Siddiqui 994,Downtown Branch,at_risk
2026-01-11 05:56:58.025166,Individual,Dalia Ahmed 603,Individual,dalia.ahmed40@gmail.com,Female,+8801906470244,2026-01-11 05:56:58.391089,Dalia Ahmed 603,Southgate Branch,active
2026-01-11 05:58:18.661316,Individual,Dalia Ahmed 640,Individual,dalia.ahmed23@gmail.com,Male,+8801636763311,2026-01-11 05:58:19.018056,Dalia Ahmed 640,Suburban Branch,at_risk
2026-01-11 05:57:40.059961,Individual,Dalia Ahmed 995,Individual,dalia.ahmed86@gmail.com,Male,+8801884063583,2026-01-11 05:57:40.427320,Dalia Ahmed 995,Airport Branch,active
2026-01-11 05:56:48.674254,Individual,Dalia Hossain 787,Individual,dalia.hossain49@gmail.com,Male,+8801683272743,2026-01-11 05:56:49.033696,Dalia Hossain 787,Suburban Branch,active
2026-01-11 05:59:09.631104,Individual,Dalia Islam 300,Individual,dalia.islam15@gmail.com,Female,+8801887136046,2026-01-11 05:59:10.001509,Dalia Islam 300,Southgate Branch,active
2026-01-11 05:58:23.361269,Individual,Dalia Khan 568,Individual,dalia.khan4@gmail.com,Male,+8801369740370,2026-01-11 05:58:24.251907,Dalia Khan 568,Mall Branch,active
2026-01-11 05:58:41.144644,Individual,Dalia Rahman 489,Individual,dalia.rahman36@gmail.com,Female,+8801328598020,2026-01-11 05:58:42.025793,Dalia Rahman 489,Airport Branch,at_risk
2026-01-11 06:01:15.215235,Individual,Dalia Rahman 780,Individual,dalia.rahman27@gmail.com,Male,+8801440173645,2026-01-11 06:01:15.680561,Dalia Rahman 780,Downtown Branch,active
2026-01-11 05:59:48.002461,Individual,Dalia Sheikh 114,Individual,dalia.sheikh63@gmail.com,Male,+8801846361090,2026-01-11 05:59:48.360726,Dalia Sheikh 114,Downtown Branch,active
2026-01-11 06:00:25.465334,Individual,Dalia Sheikh 895,Individual,dalia.sheikh50@gmail.com,Male,+8801305714057,2026-01-11 06:00:25.856414,Dalia Sheikh 895,Mall Branch,at_risk
2026-01-11 05:58:07.004241,Individual,Dalia Siddiqui 366,Individual,dalia.siddiqui71@gmail.com,Female,+8801678741202,2026-01-11 05:58:07.404217,Dalia Siddiqui 366,Eastside Branch,at_risk
2026-01-11 05:59:17.043242,Individual,Dalia Siddiqui 465,Individual,dalia.siddiqui52@gmail.com,Male,+8801807203340,2026-01-11 05:59:17.401336,Dalia Siddiqui 465,Industrial Branch,at_risk
2026-01-11 06:00:06.742809,Individual,Dalia Uddin 525,Individual,dalia.uddin20@gmail.com,Female,+8801758095146,2026-01-11 06:00:07.136812,Dalia Uddin 525,Eastside Branch,at_risk
2026-01-11 06:00:05.231687,Individual,Dalia Uddin 901,Individual,dalia.uddin73@gmail.com,Female,+8801828294609,2026-01-11 06:00:05.592092,Dalia Uddin 901,Suburban Branch,at_risk
2026-01-11 06:01:16.457599,Individual,Dalia Uddin 958,Individual,dalia.uddin37@gmail.com,Female,+8801549083723,2026-01-11 06:01:16.900656,Dalia Uddin 958,Mall Branch,churned
2026-01-11 05:58:45.542068,Individual,Faisal Ahmed 372,Individual,faisal.ahmed30@gmail.com,Female,+8801925586269,2026-01-11 05:58:46.529690,Faisal Ahmed 372,Industrial Branch,active
2026-01-11 05:59:33.006870,Individual,Faisal Akter 361,Individual,faisal.akter52@gmail.com,Male,+8801589120776,2026-01-11 05:59:33.364857,Faisal Akter 361,Southgate Branch,active
2026-01-11 05:57:14.335301,Individual,Faisal Akter 441,Individual,faisal.akter49@gmail.com,Male,+8801648357087,2026-01-11 05:57:14.695682,Faisal Akter 441,Airport Branch,active
2026-01-11 05:57:46.866556,Individual,Faisal Hossain 993,Individual,faisal.hossain27@gmail.com,Male,+8801796701849,2026-01-11 05:57:47.225933,Faisal Hossain 993,Airport Branch,active
2026-01-11 05:57:30.898294,Individual,Faisal Islam 147,Individual,faisal.islam70@gmail.com,Female,+8801385706325,2026-01-11 05:57:31.260479,Faisal Islam 147,Mall Branch,active
2026-01-11 05:59:11.150859,Individual,Faisal Islam 497,Individual,faisal.islam30@gmail.com,Male,+8801629427372,2026-01-11 05:59:12.042761,Faisal Islam 497,University Branch,at_risk
2026-01-11 06:00:51.299888,Individual,Faisal Malik 626,Individual,faisal.malik42@gmail.com,Male,+8801459290012,2026-01-11 06:00:51.662487,Faisal Malik 626,Downtown Branch,active
2026-01-11 06:00:22.503230,Individual,Faisal Mirza 746,Individual,faisal.mirza84@gmail.com,Female,+8801529943895,2026-01-11 06:00:23.386822,Faisal Mirza 746,Westend Branch,active
2026-01-11 05:56:50.946223,Individual,Faisal Mirza 748,Individual,faisal.mirza78@gmail.com,Male,+8801919570804,2026-01-11 05:56:51.829408,Faisal Mirza 748,Industrial Branch,active
2026-01-11 05:59:33.972174,Individual,Faisal Mirza 850,Individual,faisal.mirza50@gmail.com,Female,+8801798074536,2026-01-11 05:59:34.330761,Faisal Mirza 850,Uptown Branch,at_risk
2026-01-11 06:00:36.141940,Individual,Faisal Mirza 921,Individual,faisal.mirza57@gmail.com,Male,+8801693230248,2026-01-11 06:00:37.039552,Faisal Mirza 921,Airport Branch,at_risk
2026-01-11 05:58:54.383448,Individual,Faisal Rahman 446,Individual,faisal.rahman5@gmail.com,Male,+8801657963437,2026-01-11 05:58:54.768370,Faisal Rahman 446,Eastside Branch,churned
2026-01-11 05:59:29.222542,Individual,Faisal Rahman 907,Individual,faisal.rahman40@gmail.com,Male,+8801962109011,2026-01-11 05:59:30.105602,Faisal Rahman 907,Downtown Branch,active
2026-01-11 05:55:43.053421,Individual,Faisal Shah 101,Individual,faisal.shah75@gmail.com,Female,+8801767652991,2026-01-11 05:55:43.417832,Faisal Shah 101,Mall Branch,active
2026-01-11 05:56:20.090998,Individual,Faisal Sheikh 531,Individual,faisal.sheikh21@gmail.com,Male,+8801904120004,2026-01-11 05:56:20.975625,Faisal Sheikh 531,University Branch,active
2026-01-11 05:59:34.454796,Individual,Faisal Sheikh 579,Individual,faisal.sheikh35@gmail.com,Female,+8801503473254,2026-01-11 05:59:34.815974,Faisal Sheikh 579,University Branch,at_risk
2026-01-11 05:59:42.676455,Individual,Faisal Siddiqui 629,Individual,faisal.siddiqui4@gmail.com,Male,+8801384415658,2026-01-11 05:59:43.038382,Faisal Siddiqui 629,Mall Branch,at_risk
2026-01-11 05:55:57.725993,Individual,Fatima Akter 300,Individual,fatima.akter50@gmail.com,Male,+8801555892964,2026-01-11 05:55:58.085356,Fatima Akter 300,Downtown Branch,at_risk
2026-01-11 06:00:42.908918,Individual,Fatima Akter 935,Individual,fatima.akter52@gmail.com,Male,+8801875688193,2026-01-11 06:00:43.799452,Fatima Akter 935,Industrial Branch,at_risk
2026-01-11 05:57:05.303016,Individual,Fatima Ali 629,Individual,fatima.ali1@gmail.com,Female,+8801635660010,2026-01-11 05:57:05.660385,Fatima Ali 629,Suburban Branch,churned
2026-01-11 06:00:40.844537,Individual,Fatima Begum 702,Individual,fatima.begum73@gmail.com,Female,+8801507496476,2026-01-11 06:00:41.247875,Fatima Begum 702,Mall Branch,active
2026-01-11 06:00:46.303198,Individual,Fatima Islam 532,Individual,fatima.islam5@gmail.com,Male,+8801502262325,2026-01-11 06:00:46.702091,Fatima Islam 532,University Branch,active
2026-01-11 05:59:19.507948,Individual,Fatima Malik 822,Individual,fatima.malik29@gmail.com,Male,+8801825345269,2026-01-11 05:59:20.400718,Fatima Malik 822,Uptown Branch,churned
2026-01-11 05:55:39.831441,Individual,Fatima Mirza 478,Individual,fatima.mirza97@gmail.com,Female,+8801565951151,2026-01-11 05:55:40.191712,Fatima Mirza 478,Airport Branch,at_risk
2026-01-11 05:58:47.210634,Individual,Fatima Mirza 915,Individual,fatima.mirza8@gmail.com,Female,+8801510969407,2026-01-11 05:58:47.618255,Fatima Mirza 915,Suburban Branch,active
2026-01-11 06:01:04.457064,Individual,Fatima Uddin 116,Individual,fatima.uddin72@gmail.com,Female,+8801454012284,2026-01-11 06:01:04.995969,Fatima Uddin 116,Industrial Branch,active
2026-01-11 05:58:43.120051,Individual,Fatima Uddin 560,Individual,fatima.uddin55@gmail.com,Male,+8801314787053,2026-01-11 05:58:43.485410,Fatima Uddin 560,Uptown Branch,active
2026-01-11 05:56:01.110886,Individual,Fatima Uddin 687,Individual,fatima.uddin7@gmail.com,Female,+8801675914486,2026-01-11 05:56:01.467773,Fatima Uddin 687,Airport Branch,churned
2026-01-11 05:57:01.329859,Individual,Hana Ahmed 657,Individual,hana.ahmed82@gmail.com,Female,+8801365007495,2026-01-11 05:57:02.209752,Hana Ahmed 657,University Branch,active
2026-01-11 05:58:29.910612,Individual,Hana Ali 279,Individual,hana.ali43@gmail.com,Male,+8801958537968,2026-01-11 05:58:30.268583,Hana Ali 279,Westend Branch,active
2026-01-11 05:59:04.872367,Individual,Hana Ali 732,Individual,hana.ali70@gmail.com,Female,+8801995984755,2026-01-11 05:59:05.792023,Hana Ali 732,Industrial Branch,churned
2026-01-11 05:56:49.641580,Individual,Hana Hassan 284,Individual,hana.hassan28@gmail.com,Female,+8801384242063,2026-01-11 05:56:50.003493,Hana Hassan 284,University Branch,at_risk
2026-01-11 05:57:51.578090,Individual,Hana Hassan 489,Individual,hana.hassan41@gmail.com,Male,+8801314926582,2026-01-11 05:57:51.935951,Hana Hassan 489,Airport Branch,at_risk
2026-01-11 06:00:09.102598,Individual,Hana Khan 171,Individual,hana.khan49@gmail.com,Female,+8801869248466,2026-01-11 06:00:09.463790,Hana Khan 171,Suburban Branch,active
2026-01-11 05:57:44.834626,Individual,Hana Khan 209,Individual,hana.khan98@gmail.com,Male,+8801961166578,2026-01-11 05:57:45.725238,Hana Khan 209,Eastside Branch,at_risk
2026-01-11 05:57:24.503259,Individual,Hana Khan 693,Individual,hana.khan64@gmail.com,Female,+8801831935566,2026-01-11 05:57:25.389159,Hana Khan 693,Suburban Branch,active
2026-01-11 05:56:34.548219,Individual,Hana Mirza 881,Individual,hana.mirza69@gmail.com,Male,+8801997658729,2026-01-11 05:56:35.442741,Hana Mirza 881,Eastside Branch,at_risk
2026-01-11 05:56:39.633071,Individual,Hana Shah 400,Individual,hana.shah48@gmail.com,Female,+8801939389288,2026-01-11 05:56:40.573673,Hana Shah 400,Downtown Branch,at_risk
2026-01-11 05:56:35.566309,Individual,Hana Shah 426,Individual,hana.shah76@gmail.com,Female,+8801676313828,2026-01-11 05:56:36.452211,Hana Shah 426,Mall Branch,active
2026-01-11 05:55:52.348763,Individual,Hana Sheikh 749,Individual,hana.sheikh34@gmail.com,Male,+8801425723805,2026-01-11 05:55:52.768386,Hana Sheikh 749,Mall Branch,at_risk
2026-01-11 05:57:51.095003,Individual,Hana Siddiqui 812,Individual,hana.siddiqui56@gmail.com,Female,+8801376168405,2026-01-11 05:57:51.454223,Hana Siddiqui 812,Westend Branch,at_risk
2026-01-11 06:00:28.816090,Individual,Hana Uddin 713,Individual,hana.uddin98@gmail.com,Female,+8801678469471,2026-01-11 06:00:29.804537,Hana Uddin 713,Suburban Branch,at_risk
2026-01-11 05:59:00.440119,Individual,Hassan Ahmed 670,Individual,hassan.ahmed49@gmail.com,Male,+8801504321223,2026-01-11 05:59:00.801806,Hassan Ahmed 670,University Branch,active
2026-01-11 05:55:58.693121,Individual,Hassan Ahmed 676,Individual,hassan.ahmed32@gmail.com,Female,+8801667044459,2026-01-11 05:55:59.049668,Hassan Ahmed 676,Uptown Branch,active
2026-01-11 05:59:59.818975,Individual,Hassan Akter 448,Individual,hassan.akter96@gmail.com,Male,+8801643041010,2026-01-11 06:00:00.176940,Hassan Akter 448,Eastside Branch,active
2026-01-11 05:59:05.914172,Individual,Hassan Ali 518,Individual,hassan.ali4@gmail.com,Female,+8801983166206,2026-01-11 05:59:06.273466,Hassan Ali 518,University Branch,active
2026-01-11 05:59:35.424291,Individual,Hassan Ali 524,Individual,hassan.ali44@gmail.com,Female,+8801501259271,2026-01-11 05:59:35.781707,Hassan Ali 524,Southgate Branch,active
2026-01-11 05:58:15.349690,Individual,Hassan Ali 995,Individual,hassan.ali50@gmail.com,Female,+8801402998384,2026-01-11 05:58:15.726973,Hassan Ali 995,Uptown Branch,active
2026-01-11 05:59:26.771650,Individual,Hassan Begum 372,Individual,hassan.begum19@gmail.com,Male,+8801510319668,2026-01-11 05:59:27.127900,Hassan Begum 372,University Branch,active
2026-01-11 05:56:44.139240,Individual,Hassan Hassan 294,Individual,hassan.hassan49@gmail.com,Female,+8801443100171,2026-01-11 05:56:44.500150,Hassan Hassan 294,Suburban Branch,active
2026-01-11 05:56:15.119623,Individual,Hassan Hassan 336,Individual,hassan.hassan91@gmail.com,Male,+8801358416431,2026-01-11 05:56:16.018055,Hassan Hassan 336,Mall Branch,active
2026-01-11 06:00:28.240957,Individual,Hassan Hassan 651,Individual,hassan.hassan45@gmail.com,Female,+8801352206012,2026-01-11 06:00:28.681969,Hassan Hassan 651,Westend Branch,active
2026-01-11 06:00:21.012793,Individual,Hassan Hossain 139,Individual,hassan.hossain82@gmail.com,Male,+8801953014540,2026-01-11 06:00:21.372236,Hassan Hossain 139,Eastside Branch,churned
2026-01-11 05:56:33.729419,Individual,Hassan Hossain 961,Individual,hassan.hossain11@gmail.com,Male,+8801918105771,2026-01-11 05:56:34.087627,Hassan Hossain 961,Airport Branch,at_risk
2026-01-11 05:59:26.289781,Individual,Hassan Islam 124,Individual,hassan.islam43@gmail.com,Male,+8801646170514,2026-01-11 05:59:26.648385,Hassan Islam 124,University Branch,churned
2026-01-11 05:55:59.173376,Individual,Hassan Khan 918,Individual,hassan.khan48@gmail.com,Male,+8801479244677,2026-01-11 05:55:59.535532,Hassan Khan 918,Airport Branch,active
2026-01-11 05:59:23.352800,Individual,Hassan Malik 118,Individual,hassan.malik57@gmail.com,Female,+8801704287091,2026-01-11 05:59:23.710793,Hassan Malik 118,University Branch,active
2026-01-11 05:55:47.531374,Individual,Hassan Rahman 405,Individual,hassan.rahman90@gmail.com,Male,+8801778367358,2026-01-11 05:55:47.892080,Hassan Rahman 405,Southgate Branch,churned
2026-01-11 06:01:06.868305,Individual,Hassan Rahman 541,Individual,hassan.rahman10@gmail.com,Female,+8801891576079,2026-01-11 06:01:07.317329,Hassan Rahman 541,Suburban Branch,churned
2026-01-11 05:57:02.331222,Individual,Hassan Rahman 889,Individual,hassan.rahman77@gmail.com,Female,+8801876114818,2026-01-11 05:57:02.686891,Hassan Rahman 889,Eastside Branch,active
2026-01-11 05:58:53.409903,Individual,Hassan Shah 439,Individual,hassan.shah47@gmail.com,Female,+8801635733220,2026-01-11 05:58:53.778475,Hassan Shah 439,Westend Branch,active
2026-01-11 05:56:53.453772,Individual,Hassan Shah 872,Individual,hassan.shah54@gmail.com,Female,+8801490006386,2026-01-11 05:56:53.851728,Hassan Shah 872,Downtown Branch,active
2026-01-11 06:00:35.615011,Individual,Hassan Shah 911,Individual,hassan.shah48@gmail.com,Male,+8801620404627,2026-01-11 06:00:36.017986,Hassan Shah 911,Industrial Branch,active
2026-01-11 05:57:50.613379,Individual,Hassan Sheikh 413,Individual,hassan.sheikh14@gmail.com,Male,+8801417449940,2026-01-11 05:57:50.972363,Hassan Sheikh 413,Westend Branch,active
2026-01-11 05:57:09.580116,Individual,Hassan Siddiqui 425,Individual,hassan.siddiqui62@gmail.com,Male,+8801809190453,2026-01-11 05:57:09.945030,Hassan Siddiqui 425,Downtown Branch,active
2026-01-11 05:59:46.983916,Individual,Ibrahim Ahmed 410,Individual,ibrahim.ahmed59@gmail.com,Male,+8801395099179,2026-01-11 05:59:47.878506,Ibrahim Ahmed 410,Airport Branch,active
2026-01-11 06:00:42.415981,Individual,Ibrahim Akter 210,Individual,ibrahim.akter81@gmail.com,Female,+8801333997342,2026-01-11 06:00:42.773677,Ibrahim Akter 210,Airport Branch,active
2026-01-11 06:00:13.110846,Individual,Ibrahim Akter 857,Individual,ibrahim.akter68@gmail.com,Male,+8801930590660,2026-01-11 06:00:13.476623,Ibrahim Akter 857,Industrial Branch,active
2026-01-11 05:59:31.193732,Individual,Ibrahim Begum 913,Individual,ibrahim.begum21@gmail.com,Male,+8801649391345,2026-01-11 05:59:32.083859,Ibrahim Begum 913,Westend Branch,active
2026-01-11 06:01:30.874365,Individual,Ibrahim Hassan 643,Individual,ibrahim.hassan28@gmail.com,Female,+8801828339485,2026-01-11 06:01:31.818074,Ibrahim Hassan 643,Westend Branch,active
2026-01-11 05:59:37.399855,Individual,Ibrahim Islam 196,Individual,ibrahim.islam99@gmail.com,Female,+8801309194713,2026-01-11 05:59:38.283846,Ibrahim Islam 196,Uptown Branch,churned
2026-01-11 05:58:03.471882,Individual,Ibrahim Mirza 829,Individual,ibrahim.mirza13@gmail.com,Female,+8801652436628,2026-01-11 05:58:03.835348,Ibrahim Mirza 829,Southgate Branch,active
2026-01-11 05:59:09.150400,Individual,Ibrahim Shah 644,Individual,ibrahim.shah94@gmail.com,Male,+8801734136203,2026-01-11 05:59:09.507366,Ibrahim Shah 644,Airport Branch,active
2026-01-11 05:56:24.455080,Individual,Ibrahim Shah 859,Individual,ibrahim.shah57@gmail.com,Female,+8801976781056,2026-01-11 05:56:24.812101,Ibrahim Shah 859,Suburban Branch,active
2026-01-11 05:58:47.748656,Individual,Ibrahim Siddiqui 491,Individual,ibrahim.siddiqui86@gmail.com,Female,+8801544514494,2026-01-11 05:58:48.160615,Ibrahim Siddiqui 491,Westend Branch,at_risk
2026-01-11 05:58:03.963923,Individual,Ibrahim Siddiqui 586,Individual,ibrahim.siddiqui89@gmail.com,Female,+8801495044034,2026-01-11 05:58:04.347781,Ibrahim Siddiqui 586,Mall Branch,at_risk
2026-01-11 05:59:25.335976,Individual,Ibrahim Uddin 348,Individual,ibrahim.uddin60@gmail.com,Male,+8801417643371,2026-01-11 05:59:25.698009,Ibrahim Uddin 348,Airport Branch,at_risk
2026-01-11 06:00:50.815894,Individual,Jamal Ahmed 304,Individual,jamal.ahmed76@gmail.com,Male,+8801494986577,2026-01-11 06:00:51.176953,Jamal Ahmed 304,Mall Branch,at_risk
2026-01-11 05:59:39.213958,Individual,Jamal Akter 457,Individual,jamal.akter73@gmail.com,Female,+8801675794505,2026-01-11 05:59:40.102058,Jamal Akter 457,Uptown Branch,at_risk
2026-01-11 05:56:24.936647,Individual,Jamal Akter 708,Individual,jamal.akter38@gmail.com,Female,+8801986140951,2026-01-11 05:56:25.301081,Jamal Akter 708,Industrial Branch,churned
2026-01-11 05:59:18.491522,Individual,Jamal Begum 713,Individual,jamal.begum33@gmail.com,Male,+8801607076391,2026-01-11 05:59:19.384441,Jamal Begum 713,University Branch,active
2026-01-11 05:57:02.809311,Individual,Jamal Begum 905,Individual,jamal.begum38@gmail.com,Female,+8801454481941,2026-01-11 05:57:03.693042,Jamal Begum 905,Southgate Branch,at_risk
2026-01-11 06:00:11.093724,Individual,Jamal Chowdhury 721,Individual,jamal.chowdhury46@gmail.com,Male,+8801400462357,2026-01-11 06:00:11.463843,Jamal Chowdhury 721,Southgate Branch,at_risk
2026-01-11 05:58:59.112315,Individual,Jamal Chowdhury 770,Individual,jamal.chowdhury57@gmail.com,Male,+8801325266446,2026-01-11 05:58:59.999173,Jamal Chowdhury 770,Airport Branch,active
2026-01-11 05:56:03.841366,Individual,Jamal Chowdhury 880,Individual,jamal.chowdhury39@gmail.com,Male,+8801635948937,2026-01-11 05:56:04.202756,Jamal Chowdhury 880,Southgate Branch,at_risk
2026-01-11 06:00:21.496392,Individual,Jamal Khan 455,Individual,jamal.khan21@gmail.com,Male,+8801797187599,2026-01-11 06:00:22.380379,Jamal Khan 455,University Branch,active
2026-01-11 06:01:17.038693,Individual,Jamal Malik 856,Individual,jamal.malik50@gmail.com,Female,+8801458830209,2026-01-11 06:01:17.493003,Jamal Malik 856,University Branch,at_risk
2026-01-11 05:59:08.180519,Individual,Jamal Rahman 336,Individual,jamal.rahman1@gmail.com,Female,+8801554911536,2026-01-11 05:59:08.539894,Jamal Rahman 336,Eastside Branch,at_risk
2026-01-11 05:56:08.660868,Individual,Jamal Shah 360,Individual,jamal.shah15@gmail.com,Male,+8801483966658,2026-01-11 05:56:09.537970,Jamal Shah 360,Downtown Branch,at_risk
2026-01-11 05:56:01.908768,Individual,Jamal Shah 691,Individual,jamal.shah23@gmail.com,Female,+8801384686737,2026-01-11 05:56:02.265507,Jamal Shah 691,Eastside Branch,active
2026-01-11 05:55:42.559659,Individual,Jamal Sheikh 205,Individual,jamal.sheikh31@gmail.com,Male,+8801747435151,2026-01-11 05:55:42.929198,Jamal Sheikh 205,Westend Branch,churned
2026-01-11 05:58:07.527121,Individual,Jamal Sheikh 740,Individual,jamal.sheikh84@gmail.com,Male,+8801419186618,2026-01-11 05:58:07.884505,Jamal Sheikh 740,Airport Branch,at_risk
2026-01-11 05:57:22.020254,Individual,Jamal Siddiqui 539,Individual,jamal.siddiqui32@gmail.com,Female,+8801656820505,2026-01-11 05:57:22.377974,Jamal Siddiqui 539,University Branch,active
2026-01-11 05:56:56.526905,Individual,Karim Akter 425,Individual,karim.akter25@gmail.com,Female,+8801356964059,2026-01-11 05:56:56.885483,Karim Akter 425,Airport Branch,at_risk
2026-01-11 05:56:00.147694,Individual,Karim Akter 587,Individual,karim.akter27@gmail.com,Male,+8801931805477,2026-01-11 05:56:00.505262,Karim Akter 587,Uptown Branch,active
2026-01-11 05:55:43.541203,Individual,Karim Begum 338,Individual,karim.begum78@gmail.com,Female,+8801862744522,2026-01-11 05:55:44.417446,Karim Begum 338,Westend Branch,active
2026-01-11 05:57:16.747131,Individual,Karim Islam 912,Individual,karim.islam50@gmail.com,Male,+8801752227830,2026-01-11 05:57:17.105992,Karim Islam 912,University Branch,active
2026-01-11 06:00:12.108318,Individual,Karim Khan 373,Individual,karim.khan81@gmail.com,Male,+8801685362343,2026-01-11 06:00:12.987625,Karim Khan 373,Southgate Branch,active
2026-01-11 05:55:51.321840,Individual,Karim Khan 783,Individual,karim.khan20@gmail.com,Female,+8801896890512,2026-01-11 05:55:52.220604,Karim Khan 783,Downtown Branch,active
2026-01-11 05:57:54.571370,Individual,Karim Malik 517,Individual,karim.malik7@gmail.com,Female,+8801496623105,2026-01-11 05:57:54.950593,Karim Malik 517,Suburban Branch,active
2026-01-11 06:01:38.837329,Individual,Karim Mirza 931,Individual,karim.mirza25@gmail.com,Female,+8801723354381,2026-01-11 06:01:39.760223,Karim Mirza 931,Industrial Branch,churned
2026-01-11 05:58:36.327317,Individual,Karim Rahman 903,Individual,karim.rahman3@gmail.com,Female,+8801793944599,2026-01-11 05:58:36.691646,Karim Rahman 903,Industrial Branch,active
2026-01-11 06:00:47.805156,Individual,Karim Sheikh 262,Individual,karim.sheikh81@gmail.com,Male,+8801380717684,2026-01-11 06:00:48.164787,Karim Sheikh 262,Industrial Branch,at_risk
2026-01-11 05:57:15.788019,Individual,Karim Sheikh 295,Individual,karim.sheikh59@gmail.com,Male,+8801796103967,2026-01-11 05:57:16.142664,Karim Sheikh 295,Southgate Branch,churned
2026-01-11 05:58:16.353856,Individual,Khalid Akter 294,Individual,khalid.akter6@gmail.com,Male,+8801710669999,2026-01-11 05:58:16.715790,Khalid Akter 294,Industrial Branch,at_risk
2026-01-11 06:01:18.641394,Individual,Khalid Ali 330,Individual,khalid.ali6@gmail.com,Female,+8801668255219,2026-01-11 06:01:19.096162,Khalid Ali 330,Uptown Branch,churned
2026-01-11 06:00:55.951015,Individual,Khalid Begum 267,Individual,khalid.begum17@gmail.com,Male,+8801981168145,2026-01-11 06:00:56.375248,Khalid Begum 267,University Branch,active
2026-01-11 06:00:33.011984,Individual,Khalid Begum 406,Individual,khalid.begum18@gmail.com,Male,+8801993466011,2026-01-11 06:00:33.383725,Khalid Begum 406,Eastside Branch,active
2026-01-11 06:00:23.514166,Individual,Khalid Begum 526,Individual,khalid.begum61@gmail.com,Male,+8801636794500,2026-01-11 06:00:24.458684,Khalid Begum 526,Mall Branch,active
2026-01-11 06:00:48.285800,Individual,Khalid Begum 546,Individual,khalid.begum14@gmail.com,Male,+8801827004153,2026-01-11 06:00:48.653118,Khalid Begum 546,University Branch,active
2026-01-11 05:57:07.600045,Individual,Khalid Begum 625,Individual,khalid.begum67@gmail.com,Male,+8801366602534,2026-01-11 05:57:07.962828,Khalid Begum 625,University Branch,active
2026-01-11 05:57:34.331469,Individual,Khalid Begum 833,Individual,khalid.begum37@gmail.com,Female,+8801441087668,2026-01-11 05:57:34.691420,Khalid Begum 833,Eastside Branch,active
2026-01-11 06:00:54.849186,Individual,Khalid Chowdhury 222,Individual,khalid.chowdhury28@gmail.com,Male,+8801989703332,2026-01-11 06:00:55.275334,Khalid Chowdhury 222,Suburban Branch,at_risk
2026-01-11 05:57:14.819624,Individual,Khalid Chowdhury 420,Individual,khalid.chowdhury51@gmail.com,Female,+8801668929721,2026-01-11 05:57:15.177268,Khalid Chowdhury 420,Suburban Branch,active
2026-01-11 05:55:40.313319,Individual,Khalid Hassan 355,Individual,khalid.hassan4@gmail.com,Male,+8801301786151,2026-01-11 05:55:40.672687,Khalid Hassan 355,Industrial Branch,active
2026-01-11 05:56:53.981744,Individual,Khalid Hossain 222,Individual,khalid.hossain19@gmail.com,Female,+8801604894726,2026-01-11 05:56:54.910607,Khalid Hossain 222,Mall Branch,at_risk
2026-01-11 05:55:48.016935,Individual,Khalid Malik 210,Individual,khalid.malik2@gmail.com,Female,+8801462057225,2026-01-11 05:55:48.375175,Khalid Malik 210,Airport Branch,at_risk
2026-01-11 05:58:38.136490,Individual,Khalid Malik 489,Individual,khalid.malik34@gmail.com,Male,+8801342200576,2026-01-11 05:58:39.024380,Khalid Malik 489,Westend Branch,churned
2026-01-11 05:58:17.157934,Individual,Khalid Mirza 694,Individual,khalid.mirza17@gmail.com,Male,+8801780399717,2026-01-11 05:58:18.057795,Khalid Mirza 694,Mall Branch,active
2026-01-11 06:01:05.755637,Individual,Khalid Rahman 446,Individual,khalid.rahman31@gmail.com,Male,+8801988169432,2026-01-11 06:01:06.726977,Khalid Rahman 446,Suburban Branch,active
2026-01-11 05:56:59.837032,Individual,Khalid Shah 364,Individual,khalid.shah7@gmail.com,Male,+8801767958142,2026-01-11 05:57:00.200177,Khalid Shah 364,Airport Branch,at_risk
2026-01-11 05:58:04.474378,Individual,Khalid Shah 819,Individual,khalid.shah87@gmail.com,Female,+8801716589944,2026-01-11 05:58:04.838651,Khalid Shah 819,University Branch,active
2026-01-11 05:59:01.409545,Individual,Khalid Siddiqui 188,Individual,khalid.siddiqui80@gmail.com,Female,+8801309217380,2026-01-11 05:59:01.771947,Khalid Siddiqui 188,University Branch,active
2026-01-11 05:56:37.056075,Individual,Khalid Uddin 944,Individual,khalid.uddin41@gmail.com,Male,+8801382625864,2026-01-11 05:56:37.418633,Khalid Uddin 944,Southgate Branch,active
2026-01-11 06:00:44.957667,Individual,Khalid Uddin 972,Individual,khalid.uddin6@gmail.com,Female,+8801376392218,2026-01-11 06:00:45.330640,Khalid Uddin 972,Southgate Branch,active
2026-01-11 05:58:33.122395,Individual,Layla Chowdhury 889,Individual,layla.chowdhury24@gmail.com,Female,+8801438148168,2026-01-11 05:58:33.481634,Layla Chowdhury 889,Airport Branch,active
2026-01-11 05:57:33.846144,Individual,Layla Hossain 631,Individual,layla.hossain15@gmail.com,Male,+8801971522562,2026-01-11 05:57:34.209006,Layla Hossain 631,University Branch,active
2026-01-11 05:58:09.029289,Individual,Layla Islam 414,Individual,layla.islam54@gmail.com,Male,+8801943449175,2026-01-11 05:58:09.390717,Layla Islam 414,Airport Branch,at_risk
2026-01-11 05:57:04.294331,Individual,Layla Islam 693,Individual,layla.islam46@gmail.com,Male,+8801868956799,2026-01-11 05:57:05.179212,Layla Islam 693,Airport Branch,active
2026-01-11 05:59:15.543967,Individual,Layla Khan 309,Individual,layla.khan42@gmail.com,Male,+8801327103436,2026-01-11 05:59:15.912535,Layla Khan 309,Southgate Branch,active
2026-01-11 05:59:40.709897,Individual,Layla Khan 895,Individual,layla.khan23@gmail.com,Female,+8801657296649,2026-01-11 05:59:41.072595,Layla Khan 895,Downtown Branch,active
2026-01-11 05:56:10.633333,Individual,Layla Mirza 499,Individual,layla.mirza43@gmail.com,Female,+8801462459804,2026-01-11 05:56:11.004275,Layla Mirza 499,Eastside Branch,churned
2026-01-11 06:00:13.600456,Individual,Layla Mirza 679,Individual,layla.mirza42@gmail.com,Male,+8801629428760,2026-01-11 06:00:14.488783,Layla Mirza 679,University Branch,at_risk
2026-01-11 06:00:07.767121,Individual,Layla Shah 390,Individual,layla.shah52@gmail.com,Male,+8801471466236,2026-01-11 06:00:08.654265,Layla Shah 390,Airport Branch,active
2026-01-11 06:00:02.683977,Individual,Layla Shah 874,Individual,layla.shah84@gmail.com,Male,+8801512706795,2026-01-11 06:00:03.569400,Layla Shah 874,Westend Branch,churned
2026-01-11 05:56:14.637342,Individual,Layla Sheikh 929,Individual,layla.sheikh76@gmail.com,Male,+8801635142704,2026-01-11 05:56:14.995438,Layla Sheikh 929,Westend Branch,active
2026-01-11 05:56:02.877543,Individual,Layla Siddiqui 873,Individual,layla.siddiqui2@gmail.com,Male,+8801627503372,2026-01-11 05:56:03.237735,Layla Siddiqui 873,Downtown Branch,active
2026-01-11 05:56:50.126227,Individual,Layla Uddin 609,Individual,layla.uddin85@gmail.com,Female,+8801516655129,2026-01-11 05:56:50.492211,Layla Uddin 609,Westend Branch,at_risk
2026-01-11 05:59:01.895377,Individual,Layla Uddin 901,Individual,layla.uddin96@gmail.com,Female,+8801962519900,2026-01-11 05:59:02.251892,Layla Uddin 901,Southgate Branch,active
2026-01-11 05:59:35.905596,Individual,Leena Ahmed 327,Individual,leena.ahmed38@gmail.com,Female,+8801358742839,2026-01-11 05:59:36.266755,Leena Ahmed 327,Industrial Branch,at_risk
2026-01-11 06:00:02.190879,Individual,Leena Ahmed 424,Individual,leena.ahmed59@gmail.com,Male,+8801370176923,2026-01-11 06:00:02.554298,Leena Ahmed 424,Eastside Branch,active
2026-01-11 05:56:47.659334,Individual,Leena Ahmed 764,Individual,leena.ahmed58@gmail.com,Male,+8801470906553,2026-01-11 05:56:48.548931,Leena Ahmed 764,Suburban Branch,active
2026-01-11 05:57:10.551883,Individual,Leena Akter 354,Individual,leena.akter33@gmail.com,Male,+8801925023885,2026-01-11 05:57:10.907729,Leena Akter 354,Mall Branch,active
2026-01-11 05:56:52.437669,Individual,Leena Ali 789,Individual,leena.ali86@gmail.com,Male,+8801865273440,2026-01-11 05:56:53.328887,Leena Ali 789,Mall Branch,active
2026-01-11 05:56:21.473035,Individual,Leena Ali 828,Individual,leena.ali17@gmail.com,Female,+8801468658535,2026-01-11 05:56:22.358503,Leena Ali 828,University Branch,active
2026-01-11 06:01:33.044883,Individual,Leena Chowdhury 803,Individual,leena.chowdhury88@gmail.com,Male,+8801346391159,2026-01-11 06:01:33.462658,Leena Chowdhury 803,University Branch,active
2026-01-11 05:57:53.561600,Individual,Leena Chowdhury 843,Individual,leena.chowdhury40@gmail.com,Male,+8801379434785,2026-01-11 05:57:54.447947,Leena Chowdhury 843,University Branch,active
2026-01-11 05:55:48.500502,Individual,Leena Islam 375,Individual,leena.islam30@gmail.com,Female,+8801847192939,2026-01-11 05:55:48.862116,Leena Islam 375,Southgate Branch,active
2026-01-11 05:58:30.391796,Individual,Leena Khan 812,Individual,leena.khan53@gmail.com,Male,+8801880680129,2026-01-11 05:58:30.749550,Leena Khan 812,Uptown Branch,at_risk
2026-01-11 05:57:19.989834,Individual,Leena Khan 981,Individual,leena.khan81@gmail.com,Male,+8801335884188,2026-01-11 05:57:20.885067,Leena Khan 981,Airport Branch,active
2026-01-11 05:56:14.149312,Individual,Leena Shah 587,Individual,leena.shah69@gmail.com,Female,+8801366529231,2026-01-11 05:56:14.514160,Leena Shah 587,Southgate Branch,active
2026-01-11 05:59:02.376056,Individual,Leena Sheikh 589,Individual,leena.sheikh75@gmail.com,Male,+8801975994666,2026-01-11 05:59:02.735852,Leena Sheikh 589,Westend Branch,active
2026-01-11 06:00:31.046169,Individual,Leena Siddiqui 727,Individual,leena.siddiqui65@gmail.com,Female,+8801458967967,2026-01-11 06:00:31.479531,Leena Siddiqui 727,Eastside Branch,active
2026-01-11 05:57:12.522641,Individual,Leena Siddiqui 944,Individual,leena.siddiqui68@gmail.com,Male,+8801969128699,2026-01-11 05:57:13.409972,Leena Siddiqui 944,Airport Branch,at_risk
2026-01-11 05:59:43.651743,Individual,Leena Uddin 441,Individual,leena.uddin3@gmail.com,Male,+8801619766179,2026-01-11 05:59:44.534571,Leena Uddin 441,Southgate Branch,at_risk
2026-01-11 05:59:23.834359,Individual,Mariam Ali 307,Individual,mariam.ali3@gmail.com,Male,+8801832396795,2026-01-11 05:59:24.196561,Mariam Ali 307,University Branch,at_risk
2026-01-11 06:00:17.975233,Individual,Mariam Ali 405,Individual,mariam.ali22@gmail.com,Male,+8801708046047,2026-01-11 06:00:18.865788,Mariam Ali 405,Downtown Branch,at_risk
2026-01-11 05:58:19.626811,Individual,Mariam Chowdhury 393,Individual,mariam.chowdhury55@gmail.com,Male,+8801611297153,2026-01-11 05:58:19.990145,Mariam Chowdhury 393,Mall Branch,at_risk
2026-01-11 06:01:35.216455,Individual,Mariam Chowdhury 911,Individual,mariam.chowdhury69@gmail.com,Female,+8801690687727,2026-01-11 06:01:35.633672,Mariam Chowdhury 911,Industrial Branch,active
2026-01-11 06:00:26.570338,Individual,Mariam Islam 997,Individual,mariam.islam54@gmail.com,Male,+8801790484033,2026-01-11 06:00:27.010874,Mariam Islam 997,Downtown Branch,active
2026-01-11 06:00:34.571516,Individual,Mariam Khan 934,Individual,mariam.khan32@gmail.com,Male,+8801597935826,2026-01-11 06:00:34.978494,Mariam Khan 934,Downtown Branch,active
2026-01-11 05:58:31.680737,Individual,Mariam Khan 937,Individual,mariam.khan49@gmail.com,Male,+8801368852772,2026-01-11 05:58:32.569743,Mariam Khan 937,Industrial Branch,active
2026-01-11 05:56:55.035080,Individual,Mariam Malik 627,Individual,mariam.malik42@gmail.com,Male,+8801966280319,2026-01-11 05:56:55.396761,Mariam Malik 627,Westend Branch,active
2026-01-11 05:58:40.130211,Individual,Mariam Mirza 144,Individual,mariam.mirza37@gmail.com,Male,+8801414487481,2026-01-11 05:58:41.020838,Mariam Mirza 144,Southgate Branch,active
2026-01-11 05:58:13.335621,Individual,Mariam Mirza 590,Individual,mariam.mirza61@gmail.com,Female,+8801693177545,2026-01-11 05:58:14.232006,Mariam Mirza 590,Southgate Branch,at_risk
2026-01-11 05:57:07.113002,Individual,Mariam Mirza 729,Individual,mariam.mirza74@gmail.com,Male,+8801718995485,2026-01-11 05:57:07.476387,Mariam Mirza 729,Industrial Branch,active
2026-01-11 05:58:09.826378,Individual,Mariam Rahman 270,Individual,mariam.rahman58@gmail.com,Female,+8801317223243,2026-01-11 05:58:10.194044,Mariam Rahman 270,Airport Branch,at_risk
2026-01-11 05:58:24.377918,Individual,Mariam Uddin 626,Individual,mariam.uddin73@gmail.com,Female,+8801713537328,2026-01-11 05:58:25.274548,Mariam Uddin 626,University Branch,at_risk
2026-01-11 05:59:38.408061,Individual,Mariam Uddin 829,Individual,mariam.uddin13@gmail.com,Female,+8801949288607,2026-01-11 05:59:38.768721,Mariam Uddin 829,Eastside Branch,active
2026-01-11 05:59:20.526015,Individual,Mohammad Ahmed 235,Individual,mohammad.ahmed13@gmail.com,Male,+8801577844491,2026-01-11 05:59:21.425385,Mohammad Ahmed 235,Industrial Branch,at_risk
2026-01-11 05:59:08.665619,Individual,Mohammad Ahmed 395,Individual,mohammad.ahmed24@gmail.com,Female,+8801459465359,2026-01-11 05:59:09.024593,Mohammad Ahmed 395,Westend Branch,active
2026-01-11 05:59:16.036610,Individual,Mohammad Ahmed 848,Individual,mohammad.ahmed27@gmail.com,Female,+8801473818443,2026-01-11 05:59:16.918446,Mohammad Ahmed 848,Southgate Branch,at_risk
2026-01-11 05:58:26.417725,Individual,Mohammad Ahmed 991,Individual,mohammad.ahmed5@gmail.com,Male,+8801863267858,2026-01-11 05:58:27.299097,Mohammad Ahmed 991,Suburban Branch,active
2026-01-11 05:59:24.319475,Individual,Mohammad Akter 623,Individual,mohammad.akter9@gmail.com,Male,+8801306645544,2026-01-11 05:59:25.209467,Mohammad Akter 623,Westend Branch,active
2026-01-11 05:57:27.537899,Individual,Mohammad Chowdhury 318,Individual,mohammad.chowdhury17@gmail.com,Female,+8801459121019,2026-01-11 05:57:28.421209,Mohammad Chowdhury 318,Uptown Branch,at_risk
2026-01-11 05:59:12.167599,Individual,Mohammad Chowdhury 936,Individual,mohammad.chowdhury64@gmail.com,Female,+8801597353603,2026-01-11 05:59:13.064502,Mohammad Chowdhury 936,University Branch,active
2026-01-11 05:59:52.011242,Individual,Mohammad Hassan 124,Individual,mohammad.hassan69@gmail.com,Female,+8801835888967,2026-01-11 05:59:52.396769,Mohammad Hassan 124,Eastside Branch,active
2026-01-11 05:58:25.403698,Individual,Mohammad Hassan 561,Individual,mohammad.hassan65@gmail.com,Female,+8801382131322,2026-01-11 05:58:26.292651,Mohammad Hassan 561,University Branch,at_risk
2026-01-11 05:59:33.490670,Individual,Mohammad Khan 384,Individual,mohammad.khan29@gmail.com,Male,+8801894061496,2026-01-11 05:59:33.849673,Mohammad Khan 384,Suburban Branch,active
2026-01-11 06:01:39.895528,Individual,Mohammad Mirza 117,Individual,mohammad.mirza98@gmail.com,Male,+8801783769595,2026-01-11 06:01:40.307338,Mohammad Mirza 117,Westend Branch,active
2026-01-11 05:55:52.898679,Individual,Mohammad Mirza 353,Individual,mohammad.mirza58@gmail.com,Male,+8801681490920,2026-01-11 05:55:53.310602,Mohammad Mirza 353,Southgate Branch,active
2026-01-11 05:59:58.334303,Individual,Mohammad Mirza 840,Individual,mohammad.mirza94@gmail.com,Female,+8801813489404,2026-01-11 05:59:58.689618,Mohammad Mirza 840,Downtown Branch,at_risk
2026-01-11 06:00:33.514591,Individual,Mohammad Rahman 342,Individual,mohammad.rahman83@gmail.com,Female,+8801915847977,2026-01-11 06:00:33.902116,Mohammad Rahman 342,Mall Branch,active
2026-01-11 05:57:36.628342,Individual,Mohammad Sheikh 897,Individual,mohammad.sheikh14@gmail.com,Male,+8801900374926,2026-01-11 05:57:36.990124,Mohammad Sheikh 897,Downtown Branch,churned
2026-01-11 06:01:21.562980,Individual,Mohammad Siddiqui 173,Individual,mohammad.siddiqui49@gmail.com,Male,+8801974447716,2026-01-11 06:01:22.529125,Mohammad Siddiqui 173,Uptown Branch,at_risk
2026-01-11 06:00:41.376260,Individual,Mohammad Uddin 101,Individual,mohammad.uddin7@gmail.com,Female,+8801549304346,2026-01-11 06:00:42.293470,Mohammad Uddin 101,Eastside Branch,at_risk
2026-01-11 05:58:34.836804,Individual,Mustafa Ahmed 391,Individual,mustafa.ahmed78@gmail.com,Male,+8801596198223,2026-01-11 05:58:35.193790,Mustafa Ahmed 391,Downtown Branch,churned
2026-01-11 06:01:12.995199,Individual,Mustafa Ahmed 724,Individual,mustafa.ahmed99@gmail.com,Male,+8801551196428,2026-01-11 06:01:13.981770,Mustafa Ahmed 724,Mall Branch,churned
2026-01-11 05:55:40.795649,Individual,Mustafa Akter 416,Individual,mustafa.akter33@gmail.com,Female,+8801772455135,2026-01-11 05:55:41.150681,Mustafa Akter 416,Eastside Branch,at_risk
2026-01-11 06:00:57.063717,Individual,Mustafa Ali 758,Individual,mustafa.ali17@gmail.com,Male,+8801472913345,2026-01-11 06:00:58.029694,Mustafa Ali 758,University Branch,active
2026-01-11 05:55:55.947546,Individual,Mustafa Begum 887,Individual,mustafa.begum17@gmail.com,Female,+8801424372323,2026-01-11 05:55:56.303430,Mustafa Begum 887,Eastside Branch,active
2026-01-11 05:57:49.110204,Individual,Mustafa Chowdhury 506,Individual,mustafa.chowdhury70@gmail.com,Female,+8801856106891,2026-01-11 05:57:49.469034,Mustafa Chowdhury 506,Suburban Branch,active
2026-01-11 05:58:14.354893,Individual,Mustafa Hassan 334,Individual,mustafa.hassan93@gmail.com,Male,+8801656697022,2026-01-11 05:58:14.735599,Mustafa Hassan 334,Mall Branch,active
2026-01-11 05:55:59.660191,Individual,Mustafa Islam 472,Individual,mustafa.islam9@gmail.com,Male,+8801550856524,2026-01-11 05:56:00.018602,Mustafa Islam 472,Suburban Branch,active
2026-01-11 05:59:27.732076,Individual,Mustafa Islam 678,Individual,mustafa.islam84@gmail.com,Female,+8801648900279,2026-01-11 05:59:28.089124,Mustafa Islam 678,University Branch,at_risk
2026-01-11 05:58:42.635482,Individual,Mustafa Islam 924,Individual,mustafa.islam30@gmail.com,Male,+8801816842439,2026-01-11 05:58:42.994872,Mustafa Islam 924,Westend Branch,active
2026-01-11 05:57:19.508100,Individual,Mustafa Khan 213,Individual,mustafa.khan95@gmail.com,Female,+8801322685650,2026-01-11 05:57:19.865373,Mustafa Khan 213,University Branch,at_risk
2026-01-11 06:00:55.409515,Individual,Mustafa Khan 376,Individual,mustafa.khan27@gmail.com,Female,+8801515478021,2026-01-11 06:00:55.821699,Mustafa Khan 376,Uptown Branch,active
2026-01-11 05:57:42.365178,Individual,Mustafa Khan 417,Individual,mustafa.khan68@gmail.com,Female,+8801697707339,2026-01-11 05:57:42.739610,Mustafa Khan 417,Downtown Branch,active
2026-01-11 05:57:57.817473,Individual,Mustafa Khan 842,Individual,mustafa.khan45@gmail.com,Male,+8801970092536,2026-01-11 05:57:58.179837,Mustafa Khan 842,Downtown Branch,active
2026-01-11 05:56:29.253834,Individual,Mustafa Khan 961,Individual,mustafa.khan50@gmail.com,Female,+8801675075016,2026-01-11 05:56:30.138550,Mustafa Khan 961,Westend Branch,active
2026-01-11 05:57:56.367083,Individual,Mustafa Malik 640,Individual,mustafa.malik20@gmail.com,Female,+8801719226254,2026-01-11 05:57:56.727637,Mustafa Malik 640,Downtown Branch,active
2026-01-11 06:01:27.224970,Individual,Mustafa Sheikh 103,Individual,mustafa.sheikh6@gmail.com,Male,+8801693338482,2026-01-11 06:01:27.633084,Mustafa Sheikh 103,Westend Branch,churned
2026-01-11 05:56:31.225560,Individual,Mustafa Sheikh 213,Individual,mustafa.sheikh99@gmail.com,Female,+8801452201508,2026-01-11 05:56:31.586738,Mustafa Sheikh 213,Uptown Branch,active
2026-01-11 05:57:16.266188,Individual,Mustafa Siddiqui 514,Individual,mustafa.siddiqui14@gmail.com,Female,+8801538920479,2026-01-11 05:57:16.625616,Mustafa Siddiqui 514,Downtown Branch,active
2026-01-11 05:58:56.998983,Individual,Mustafa Siddiqui 623,Individual,mustafa.siddiqui4@gmail.com,Female,+8801785834242,2026-01-11 05:58:57.957786,Mustafa Siddiqui 623,Westend Branch,active
2026-01-11 05:58:55.921295,Individual,Nadia Ali 506,Individual,nadia.ali78@gmail.com,Female,+8801547893300,2026-01-11 05:58:56.864829,Nadia Ali 506,Southgate Branch,churned
2026-01-11 05:56:12.358245,Individual,Nadia Chowdhury 224,Individual,nadia.chowdhury46@gmail.com,Female,+8801959543116,2026-01-11 05:56:12.720285,Nadia Chowdhury 224,Airport Branch,active
2026-01-11 05:56:00.629138,Individual,Nadia Chowdhury 574,Individual,nadia.chowdhury53@gmail.com,Female,+8801966458253,2026-01-11 05:56:00.985848,Nadia Chowdhury 574,Suburban Branch,at_risk
2026-01-11 06:01:22.676691,Individual,Nadia Khan 464,Individual,nadia.khan37@gmail.com,Male,+8801325674600,2026-01-11 06:01:23.650753,Nadia Khan 464,Westend Branch,at_risk
2026-01-11 05:57:48.307506,Individual,Nadia Khan 514,Individual,nadia.khan69@gmail.com,Female,+8801823906332,2026-01-11 05:57:48.668361,Nadia Khan 514,Uptown Branch,active
2026-01-11 05:59:14.528272,Individual,Nadia Khan 526,Individual,nadia.khan48@gmail.com,Male,+8801493695118,2026-01-11 05:59:15.416933,Nadia Khan 526,Suburban Branch,active
2026-01-11 05:58:45.001760,Individual,Nadia Malik 398,Individual,nadia.malik61@gmail.com,Female,+8801732849231,2026-01-11 05:58:45.412059,Nadia Malik 398,Airport Branch,active
2026-01-11 05:58:06.507390,Individual,Nadia Mirza 508,Individual,nadia.mirza34@gmail.com,Male,+8801488399604,2026-01-11 05:58:06.880532,Nadia Mirza 508,Airport Branch,active
2026-01-11 06:00:54.291465,Individual,Nadia Shah 810,Individual,nadia.shah50@gmail.com,Female,+8801445429150,2026-01-11 06:00:54.707677,Nadia Shah 810,University Branch,churned
2026-01-11 06:00:03.693623,Individual,Nadia Siddiqui 708,Individual,nadia.siddiqui35@gmail.com,Male,+8801915444698,2026-01-11 06:00:04.054782,Nadia Siddiqui 708,Suburban Branch,at_risk
2026-01-11 05:58:04.963443,Individual,Noura Ahmed 581,Individual,noura.ahmed25@gmail.com,Male,+8801468797938,2026-01-11 05:58:05.882267,Noura Ahmed 581,Uptown Branch,at_risk
2026-01-11 05:57:58.784044,Individual,Noura Ali 179,Individual,noura.ali25@gmail.com,Male,+8801575966126,2026-01-11 05:57:59.144760,Noura Ali 179,Eastside Branch,active
2026-01-11 05:56:16.141010,Individual,Noura Begum 974,Individual,noura.begum67@gmail.com,Female,+8801497413589,2026-01-11 05:56:17.030331,Noura Begum 974,Westend Branch,active
2026-01-11 05:59:52.519074,Individual,Noura Chowdhury 975,Individual,noura.chowdhury79@gmail.com,Female,+8801323445620,2026-01-11 05:59:52.886856,Noura Chowdhury 975,Westend Branch,at_risk
2026-01-11 05:56:19.128606,Individual,Noura Hassan 973,Individual,noura.hassan30@gmail.com,Female,+8801919245695,2026-01-11 05:56:19.487684,Noura Hassan 973,Downtown Branch,active
2026-01-11 05:56:55.519399,Individual,Noura Islam 668,Individual,noura.islam45@gmail.com,Male,+8801405860884,2026-01-11 05:56:56.403800,Noura Islam 668,Mall Branch,active
2026-01-11 05:57:58.302965,Individual,Noura Mirza 251,Individual,noura.mirza99@gmail.com,Female,+8801971902963,2026-01-11 05:57:58.661590,Noura Mirza 251,Downtown Branch,active
2026-01-11 05:57:34.814517,Individual,Noura Rahman 655,Individual,noura.rahman60@gmail.com,Male,+8801839927654,2026-01-11 05:57:35.699655,Noura Rahman 655,Eastside Branch,active
2026-01-11 05:56:41.744513,Individual,Noura Rahman 727,Individual,noura.rahman83@gmail.com,Female,+8801535660544,2026-01-11 05:56:42.659384,Noura Rahman 727,Uptown Branch,active
2026-01-11 05:57:11.029631,Individual,Noura Siddiqui 668,Individual,noura.siddiqui38@gmail.com,Female,+8801424714411,2026-01-11 05:57:11.915392,Noura Siddiqui 668,Southgate Branch,active
2026-01-11 06:00:39.772762,Individual,Noura Uddin 971,Individual,noura.uddin85@gmail.com,Female,+8801852078762,2026-01-11 06:00:40.709156,Noura Uddin 971,University Branch,at_risk
2026-01-11 05:58:49.359743,Individual,Omar Ahmed 365,Individual,omar.ahmed58@gmail.com,Male,+8801572691541,2026-01-11 05:58:49.774835,Omar Ahmed 365,Mall Branch,churned
2026-01-11 05:58:39.148119,Individual,Omar Ahmed 581,Individual,omar.ahmed23@gmail.com,Male,+8801871947679,2026-01-11 05:58:39.516407,Omar Ahmed 581,Airport Branch,active
2026-01-11 05:58:12.335378,Individual,Omar Begum 428,Individual,omar.begum33@gmail.com,Male,+8801337634341,2026-01-11 05:58:13.213497,Omar Begum 428,Southgate Branch,active
2026-01-11 05:57:47.349156,Individual,Omar Begum 669,Individual,omar.begum86@gmail.com,Female,+8801456022607,2026-01-11 05:57:47.706224,Omar Begum 669,Suburban Branch,active
2026-01-11 05:56:46.642754,Individual,Omar Chowdhury 727,Individual,omar.chowdhury60@gmail.com,Female,+8801833820787,2026-01-11 05:56:47.533316,Omar Chowdhury 727,Southgate Branch,active
2026-01-11 05:55:58.209520,Individual,Omar Chowdhury 989,Individual,omar.chowdhury12@gmail.com,Male,+8801722891021,2026-01-11 05:55:58.568950,Omar Chowdhury 989,Eastside Branch,at_risk
2026-01-11 05:55:44.540061,Individual,Omar Hassan 284,Individual,omar.hassan1@gmail.com,Female,+8801338682261,2026-01-11 05:55:44.901048,Omar Hassan 284,Downtown Branch,active
2026-01-11 05:56:04.329445,Individual,Omar Hossain 207,Individual,omar.hossain19@gmail.com,Male,+8801531488561,2026-01-11 05:56:05.236730,Omar Hossain 207,Eastside Branch,active
2026-01-11 05:57:15.303255,Individual,Omar Hossain 507,Individual,omar.hossain8@gmail.com,Female,+8801357771109,2026-01-11 05:57:15.663984,Omar Hossain 507,Airport Branch,at_risk
2026-01-11 05:59:07.210455,Individual,Omar Hossain 892,Individual,omar.hossain34@gmail.com,Male,+8801817122843,2026-01-11 05:59:07.569963,Omar Hossain 892,Downtown Branch,active
2026-01-11 05:55:45.509687,Individual,Omar Rahman 631,Individual,omar.rahman94@gmail.com,Female,+8801637520182,2026-01-11 05:55:46.393932,Omar Rahman 631,Downtown Branch,active
2026-01-11 05:55:49.817435,Individual,Omar Rahman 792,Individual,omar.rahman38@gmail.com,Female,+8801387626031,2026-01-11 05:55:50.712732,Omar Rahman 792,Westend Branch,churned
2026-01-11 06:01:29.223952,Individual,Omar Shah 906,Individual,omar.shah36@gmail.com,Male,+8801777770502,2026-01-11 06:01:29.634599,Omar Shah 906,Suburban Branch,churned
2026-01-11 06:00:05.717480,Individual,Omar Sheikh 890,Individual,omar.sheikh98@gmail.com,Female,+8801904605386,2026-01-11 06:00:06.612524,Omar Sheikh 890,Suburban Branch,active
2026-01-11 06:00:20.526171,Individual,Omar Siddiqui 435,Individual,omar.siddiqui40@gmail.com,Female,+8801677778783,2026-01-11 06:00:20.890855,Omar Siddiqui 435,University Branch,active
2026-01-11 05:59:17.525829,Individual,Omar Uddin 267,Individual,omar.uddin94@gmail.com,Male,+8801888715610,2026-01-11 05:59:17.888173,Omar Uddin 267,Westend Branch,active
2026-01-11 05:59:41.196127,Individual,Omar Uddin 799,Individual,omar.uddin83@gmail.com,Female,+8801881153067,2026-01-11 05:59:41.550134,Omar Uddin 799,University Branch,active
2026-01-11 05:59:49.990135,Individual,Omar Uddin 850,Individual,omar.uddin57@gmail.com,Male,+8801838055382,2026-01-11 05:59:50.875149,Omar Uddin 850,Southgate Branch,at_risk
2026-01-11 06:01:26.662597,Individual,Omar Uddin 924,Individual,omar.uddin63@gmail.com,Female,+8801925027915,2026-01-11 06:01:27.095784,Omar Uddin 924,Suburban Branch,churned
2026-01-11 00:18:04.695023,Demo Customer Group,Palmer Productions Ltd.,Company,,,,2026-01-11 00:18:04.695023,Palmer Productions Ltd.,,
2026-01-11 06:01:33.594090,Individual,Rahman Ahmed 430,Individual,rahman.ahmed62@gmail.com,Female,+8801992423532,2026-01-11 06:01:34.523219,Rahman Ahmed 430,Eastside Branch,active
2026-01-11 06:01:28.137653,Individual,Rahman Ahmed 530,Individual,rahman.ahmed98@gmail.com,Male,+8801861288888,2026-01-11 06:01:29.088773,Rahman Ahmed 530,Industrial Branch,active
2026-01-11 06:01:01.992733,Individual,Rahman Ahmed 880,Individual,rahman.ahmed12@gmail.com,Male,+8801485183237,2026-01-11 06:01:02.438205,Rahman Ahmed 880,Industrial Branch,active
2026-01-11 05:56:19.610013,Individual,Rahman Akter 339,Individual,rahman.akter21@gmail.com,Male,+8801511194313,2026-01-11 05:56:19.967578,Rahman Akter 339,Suburban Branch,at_risk
2026-01-11 05:57:53.075323,Individual,Rahman Akter 510,Individual,rahman.akter67@gmail.com,Female,+8801350552029,2026-01-11 05:57:53.439338,Rahman Akter 510,Eastside Branch,at_risk
2026-01-11 05:59:49.503704,Individual,Rahman Ali 606,Individual,rahman.ali95@gmail.com,Male,+8801690142500,2026-01-11 05:59:49.865520,Rahman Ali 606,Eastside Branch,active
2026-01-11 06:01:09.578645,Individual,Rahman Begum 805,Individual,rahman.begum96@gmail.com,Female,+8801650091220,2026-01-11 06:01:10.547212,Rahman Begum 805,Eastside Branch,active
2026-01-11 05:57:13.854949,Individual,Rahman Chowdhury 122,Individual,rahman.chowdhury20@gmail.com,Female,+8801379926140,2026-01-11 05:57:14.212110,Rahman Chowdhury 122,Mall Branch,active
2026-01-11 05:57:08.088925,Individual,Rahman Chowdhury 621,Individual,rahman.chowdhury63@gmail.com,Female,+8801407728309,2026-01-11 05:57:08.447473,Rahman Chowdhury 621,University Branch,active
2026-01-11 05:56:06.366575,Individual,Rahman Chowdhury 651,Individual,rahman.chowdhury9@gmail.com,Male,+8801690378387,2026-01-11 05:56:06.725214,Rahman Chowdhury 651,Downtown Branch,active
2026-01-11 06:01:20.379003,Individual,Rahman Hassan 329,Individual,rahman.hassan67@gmail.com,Male,+8801404237753,2026-01-11 06:01:20.824408,Rahman Hassan 329,Eastside Branch,at_risk
2026-01-11 05:59:40.227039,Individual,Rahman Hossain 143,Individual,rahman.hossain92@gmail.com,Female,+8801775766311,2026-01-11 05:59:40.586682,Rahman Hossain 143,Eastside Branch,active
2026-01-11 05:59:10.126361,Individual,Rahman Islam 886,Individual,rahman.islam47@gmail.com,Female,+8801473263140,2026-01-11 05:59:11.024740,Rahman Islam 886,Southgate Branch,active
2026-01-11 05:59:41.674007,Individual,Rahman Khan 920,Individual,rahman.khan96@gmail.com,Male,+8801895353590,2026-01-11 05:59:42.551499,Rahman Khan 920,Mall Branch,churned
2026-01-11 05:56:28.766070,Individual,Rahman Rahman 334,Individual,rahman.rahman75@gmail.com,Male,+8801301448642,2026-01-11 05:56:29.131106,Rahman Rahman 334,Westend Branch,active
2026-01-11 05:56:02.389718,Individual,Rahman Rahman 691,Individual,rahman.rahman95@gmail.com,Male,+8801756432825,2026-01-11 05:56:02.754120,Rahman Rahman 691,Southgate Branch,active
2026-01-11 05:58:02.665929,Individual,Rahman Rahman 776,Individual,rahman.rahman33@gmail.com,Male,+8801684018454,2026-01-11 05:58:03.026171,Rahman Rahman 776,Downtown Branch,at_risk
2026-01-11 05:56:33.250639,Individual,Rahman Shah 568,Individual,rahman.shah17@gmail.com,Male,+8801462187272,2026-01-11 05:56:33.607004,Rahman Shah 568,Airport Branch,churned
2026-01-11 06:00:18.991281,Individual,Rahman Siddiqui 467,Individual,rahman.siddiqui74@gmail.com,Female,+8801757550638,2026-01-11 06:00:19.354889,Rahman Siddiqui 467,Mall Branch,active
2026-01-11 05:57:55.076421,Individual,Rahman Uddin 388,Individual,rahman.uddin37@gmail.com,Female,+8801818271336,2026-01-11 05:57:55.441525,Rahman Uddin 388,Downtown Branch,at_risk
2026-01-11 05:59:07.693552,Individual,Rahman Uddin 491,Individual,rahman.uddin11@gmail.com,Male,+8801694270150,2026-01-11 05:59:08.056258,Rahman Uddin 491,Industrial Branch,active
2026-01-11 05:57:49.593601,Individual,Rahman Uddin 507,Individual,rahman.uddin71@gmail.com,Female,+8801701969043,2026-01-11 05:57:50.488570,Rahman Uddin 507,Southgate Branch,active
2026-01-11 06:00:00.302911,Individual,Rahman Uddin 649,Individual,rahman.uddin93@gmail.com,Female,+8801325544797,2026-01-11 06:00:00.693913,Rahman Uddin 649,University Branch,active
2026-01-11 06:00:01.146200,Individual,Rania Akter 268,Individual,rania.akter83@gmail.com,Male,+8801835741982,2026-01-11 06:00:02.065847,Rania Akter 268,Uptown Branch,churned
2026-01-11 05:59:56.815701,Individual,Rania Akter 611,Individual,rania.akter54@gmail.com,Male,+8801860494891,2026-01-11 05:59:57.702573,Rania Akter 611,Mall Branch,active
2026-01-11 05:59:30.710040,Individual,Rania Ali 743,Individual,rania.ali89@gmail.com,Female,+8801348890633,2026-01-11 05:59:31.069212,Rania Ali 743,Downtown Branch,active
2026-01-11 05:55:54.937338,Individual,Rania Begum 467,Individual,rania.begum55@gmail.com,Female,+8801648195845,2026-01-11 05:55:55.825148,Rania Begum 467,Industrial Branch,active
2026-01-11 06:00:49.802183,Individual,Rania Begum 817,Individual,rania.begum92@gmail.com,Female,+8801894509561,2026-01-11 06:00:50.693750,Rania Begum 817,Mall Branch,active
2026-01-11 05:59:06.396442,Individual,Rania Hossain 268,Individual,rania.hossain20@gmail.com,Female,+8801567691992,2026-01-11 05:59:06.762478,Rania Hossain 268,University Branch,active
2026-01-11 05:58:28.445896,Individual,Rania Hossain 521,Individual,rania.hossain27@gmail.com,Female,+8801334226283,2026-01-11 05:58:28.806319,Rania Hossain 521,Uptown Branch,active
2026-01-11 05:58:37.133119,Individual,Rania Hossain 802,Individual,rania.hossain47@gmail.com,Male,+8801439951225,2026-01-11 05:58:38.013379,Rania Hossain 802,Westend Branch,churned
2026-01-11 06:01:19.796078,Individual,Rania Islam 419,Individual,rania.islam34@gmail.com,Female,+8801686575881,2026-01-11 06:01:20.228988,Rania Islam 419,Southgate Branch,active
2026-01-11 05:59:28.211103,Individual,Rania Khan 845,Individual,rania.khan85@gmail.com,Male,+8801702080846,2026-01-11 05:59:29.097746,Rania Khan 845,Uptown Branch,active
2026-01-11 05:59:44.659156,Individual,Rania Malik 386,Individual,rania.malik63@gmail.com,Male,+8801935884359,2026-01-11 05:59:45.559154,Rania Malik 386,Airport Branch,active
2026-01-11 05:55:41.758999,Individual,Rania Mirza 441,Individual,rania.mirza31@gmail.com,Female,+8801816615513,2026-01-11 05:55:42.125372,Rania Mirza 441,Mall Branch,at_risk
2026-01-11 05:56:22.483790,Individual,Rania Mirza 866,Individual,rania.mirza41@gmail.com,Female,+8801431744700,2026-01-11 05:56:22.848486,Rania Mirza 866,Westend Branch,at_risk
2026-01-11 05:56:39.084292,Individual,Rania Mirza 915,Individual,rania.mirza61@gmail.com,Female,+8801463879752,2026-01-11 05:56:39.497483,Rania Mirza 915,University Branch,active
2026-01-11 06:01:23.791903,Individual,Rania Rahman 394,Individual,rania.rahman70@gmail.com,Male,+8801860630956,2026-01-11 06:01:24.774343,Rania Rahman 394,Southgate Branch,active
2026-01-11 05:57:29.888867,Individual,Rania Shah 428,Individual,rania.shah46@gmail.com,Female,+8801822984730,2026-01-11 05:57:30.775660,Rania Shah 428,University Branch,at_risk
2026-01-11 06:01:08.595236,Individual,Rania Siddiqui 598,Individual,rania.siddiqui18@gmail.com,Male,+8801955204263,2026-01-11 06:01:09.067759,Rania Siddiqui 598,Mall Branch,active
2026-01-11 05:56:43.102003,Individual,Rashid Ahmed 224,Individual,rashid.ahmed45@gmail.com,Female,+8801329719969,2026-01-11 05:56:44.014065,Rashid Ahmed 224,Eastside Branch,at_risk
2026-01-11 05:58:49.901613,Individual,Rashid Ahmed 236,Individual,rashid.ahmed1@gmail.com,Female,+8801713623934,2026-01-11 05:58:50.832422,Rashid Ahmed 236,Southgate Branch,active
2026-01-11 05:57:40.551003,Individual,Rashid Akter 377,Individual,rashid.akter2@gmail.com,Male,+8801837500356,2026-01-11 05:57:40.911744,Rashid Akter 377,Airport Branch,active
2026-01-11 05:56:25.424192,Individual,Rashid Akter 626,Individual,rashid.akter76@gmail.com,Male,+8801453895590,2026-01-11 05:56:25.783940,Rashid Akter 626,Uptown Branch,active
2026-01-11 05:56:05.359575,Individual,Rashid Begum 579,Individual,rashid.begum91@gmail.com,Male,+8801994928516,2026-01-11 05:56:06.242937,Rashid Begum 579,Westend Branch,churned
2026-01-11 05:56:17.153876,Individual,Rashid Begum 605,Individual,rashid.begum4@gmail.com,Female,+8801583431488,2026-01-11 05:56:18.044165,Rashid Begum 605,Industrial Branch,at_risk
2026-01-11 05:56:58.835487,Individual,Rashid Hassan 721,Individual,rashid.hassan5@gmail.com,Male,+8801835674416,2026-01-11 05:56:59.712199,Rashid Hassan 721,Industrial Branch,active
2026-01-11 05:56:45.635267,Individual,Rashid Malik 140,Individual,rashid.malik45@gmail.com,Male,+8801388448575,2026-01-11 05:56:46.517678,Rashid Malik 140,Mall Branch,active
2026-01-11 05:59:02.859364,Individual,Rashid Malik 686,Individual,rashid.malik46@gmail.com,Female,+8801482117265,2026-01-11 05:59:03.742839,Rashid Malik 686,Downtown Branch,active
2026-01-11 05:58:06.007702,Individual,Rashid Mirza 568,Individual,rashid.mirza50@gmail.com,Female,+8801416252106,2026-01-11 05:58:06.378292,Rashid Mirza 568,Downtown Branch,active
2026-01-11 05:58:27.428270,Individual,Rashid Mirza 918,Individual,rashid.mirza13@gmail.com,Male,+8801548549589,2026-01-11 05:58:28.322428,Rashid Mirza 918,Downtown Branch,active
2026-01-11 05:56:11.391025,Individual,Rashid Rahman 279,Individual,rashid.rahman75@gmail.com,Male,+8801321704579,2026-01-11 05:56:11.749933,Rashid Rahman 279,Airport Branch,active
2026-01-11 06:01:34.667497,Individual,Rashid Rahman 547,Individual,rashid.rahman81@gmail.com,Female,+8801774489661,2026-01-11 06:01:35.080757,Rashid Rahman 547,Suburban Branch,at_risk
2026-01-11 05:59:55.854929,Individual,Rashid Rahman 889,Individual,rashid.rahman84@gmail.com,Male,+8801714942668,2026-01-11 05:59:56.213734,Rashid Rahman 889,Industrial Branch,active
2026-01-11 05:58:31.193594,Individual,Rashid Siddiqui 987,Individual,rashid.siddiqui22@gmail.com,Male,+8801545634921,2026-01-11 05:58:31.555702,Rashid Siddiqui 987,Southgate Branch,at_risk
2026-01-11 05:57:23.500566,Individual,Salma Ahmed 437,Individual,salma.ahmed8@gmail.com,Female,+8801400090437,2026-01-11 05:57:24.380070,Salma Ahmed 437,Uptown Branch,active
2026-01-11 05:58:42.149922,Individual,Salma Ahmed 914,Individual,salma.ahmed91@gmail.com,Male,+8801957612125,2026-01-11 05:58:42.511079,Salma Ahmed 914,University Branch,active
2026-01-11 05:58:08.009413,Individual,Salma Akter 225,Individual,salma.akter16@gmail.com,Male,+8801589471895,2026-01-11 05:58:08.905308,Salma Akter 225,Westend Branch,active
2026-01-11 05:57:45.848065,Individual,Salma Akter 450,Individual,salma.akter93@gmail.com,Male,+8801974763550,2026-01-11 05:57:46.742979,Salma Akter 450,Westend Branch,active
2026-01-11 06:01:14.117895,Individual,Salma Akter 595,Individual,salma.akter62@gmail.com,Female,+8801863784802,2026-01-11 06:01:15.077527,Salma Akter 595,Downtown Branch,active
2026-01-11 06:00:11.590305,Individual,Salma Ali 165,Individual,salma.ali86@gmail.com,Male,+8801988030321,2026-01-11 06:00:11.985080,Salma Ali 165,University Branch,at_risk
2026-01-11 05:58:18.181216,Individual,Salma Ali 850,Individual,salma.ali69@gmail.com,Male,+8801747451906,2026-01-11 05:58:18.539664,Salma Ali 850,Southgate Branch,churned
2026-01-11 05:58:20.595512,Individual,Salma Begum 454,Individual,salma.begum66@gmail.com,Male,+8801852130594,2026-01-11 05:58:20.954721,Salma Begum 454,University Branch,active
2026-01-11 05:57:28.866494,Individual,Salma Malik 135,Individual,salma.malik41@gmail.com,Male,+8801520086327,2026-01-11 05:57:29.764210,Salma Malik 135,Southgate Branch,active
2026-01-11 06:00:58.174594,Individual,Salma Malik 950,Individual,salma.malik13@gmail.com,Female,+8801959219014,2026-01-11 06:00:59.142930,Salma Malik 950,Southgate Branch,active
2026-01-11 05:59:32.207100,Individual,Salma Mirza 738,Individual,salma.mirza41@gmail.com,Female,+8801430812529,2026-01-11 05:59:32.568364,Salma Mirza 738,Uptown Branch,churned
2026-01-11 06:01:11.887671,Individual,Salma Shah 506,Individual,salma.shah39@gmail.com,Female,+8801615619409,2026-01-11 06:01:12.851619,Salma Shah 506,Industrial Branch,active
2026-01-11 05:56:06.847929,Individual,Salma Sheikh 153,Individual,salma.sheikh73@gmail.com,Female,+8801668484686,2026-01-11 05:56:07.733879,Salma Sheikh 153,Suburban Branch,at_risk
2026-01-11 06:01:40.444172,Individual,Salma Sheikh 685,Individual,salma.sheikh87@gmail.com,Female,+8801309822286,2026-01-11 06:01:41.377380,Salma Sheikh 685,University Branch,active
2026-01-11 05:58:28.928886,Individual,Salma Sheikh 997,Individual,salma.sheikh3@gmail.com,Female,+8801700573316,2026-01-11 05:58:29.296006,Salma Sheikh 997,Industrial Branch,at_risk
2026-01-11 06:01:10.680297,Individual,Salma Siddiqui 466,Individual,salma.siddiqui23@gmail.com,Male,+8801319154149,2026-01-11 06:01:11.143607,Salma Siddiqui 466,Downtown Branch,active
2026-01-11 05:57:33.354890,Individual,Samira Ahmed 151,Individual,samira.ahmed49@gmail.com,Female,+8801689385975,2026-01-11 05:57:33.724573,Samira Ahmed 151,Westend Branch,at_risk
2026-01-11 05:58:32.908561,Individual,Samira Ahmed 304,Individual,samira.ahmed7@gmail.com,Male,+8801704687519,2026-01-11 05:58:32.999093,Samira Ahmed 304,University Branch,active
2026-01-11 06:00:59.870747,Individual,Samira Akter 966,Individual,samira.akter24@gmail.com,Male,+8801995674656,2026-01-11 06:01:00.829157,Samira Akter 966,Downtown Branch,churned
2026-01-11 05:57:57.334880,Individual,Samira Begum 455,Individual,samira.begum63@gmail.com,Male,+8801584881985,2026-01-11 05:57:57.693867,Samira Begum 455,Industrial Branch,churned
2026-01-11 05:55:45.024090,Individual,Samira Begum 810,Individual,samira.begum84@gmail.com,Female,+8801677998168,2026-01-11 05:55:45.386019,Samira Begum 810,Southgate Branch,active
2026-01-11 05:56:31.710008,Individual,Samira Hossain 810,Individual,samira.hossain49@gmail.com,Female,+8801714178234,2026-01-11 05:56:32.596381,Samira Hossain 810,Mall Branch,active
2026-01-11 05:58:54.890532,Individual,Samira Islam 495,Individual,samira.islam33@gmail.com,Female,+8801330569428,2026-01-11 05:58:55.253368,Samira Islam 495,Southgate Branch,active
2026-01-11 05:58:33.603979,Individual,Samira Islam 664,Individual,samira.islam80@gmail.com,Female,+8801978101670,2026-01-11 05:58:34.501735,Samira Islam 664,Uptown Branch,active
2026-01-11 05:57:18.712553,Individual,Samira Islam 881,Individual,samira.islam77@gmail.com,Female,+8801694236510,2026-01-11 05:57:19.070036,Samira Islam 881,Westend Branch,active
2026-01-11 05:56:51.951737,Individual,Samira Khan 600,Individual,samira.khan15@gmail.com,Male,+8801627129820,2026-01-11 05:56:52.316308,Samira Khan 600,Southgate Branch,churned
2026-01-11 06:01:07.458932,Individual,Samira Malik 948,Individual,samira.malik37@gmail.com,Female,+8801354964652,2026-01-11 06:01:08.434160,Samira Malik 948,Eastside Branch,active
2026-01-11 06:01:01.380771,Individual,Samira Shah 154,Individual,samira.shah5@gmail.com,Female,+8801343400008,2026-01-11 06:01:01.830144,Samira Shah 154,Suburban Branch,churned
2026-01-11 05:55:39.111704,Individual,Samira Shah 230,Individual,samira.shah92@gmail.com,Male,+8801462236991,2026-01-11 05:55:39.708900,Samira Shah 230,Uptown Branch,active
2026-01-11 05:55:41.273924,Individual,Samira Sheikh 954,Individual,samira.sheikh34@gmail.com,Male,+8801963250947,2026-01-11 05:55:41.637563,Samira Sheikh 954,Downtown Branch,churned
2026-01-11 05:59:57.829169,Individual,Samira Siddiqui 215,Individual,samira.siddiqui57@gmail.com,Female,+8801961481263,2026-01-11 05:59:58.210551,Samira Siddiqui 215,Westend Branch,at_risk
2026-01-11 05:56:13.328118,Individual,Samira Uddin 118,Individual,samira.uddin59@gmail.com,Male,+8801672010888,2026-01-11 05:56:13.687832,Samira Uddin 118,Westend Branch,active
2026-01-11 05:57:22.500393,Individual,Samira Uddin 875,Individual,samira.uddin96@gmail.com,Female,+8801508993293,2026-01-11 05:57:23.378577,Samira Uddin 875,Eastside Branch,churned
2026-01-11 06:01:26.032390,Individual,Sara Akter 544,Individual,sara.akter34@gmail.com,Female,+8801553519487,2026-01-11 06:01:26.522054,Sara Akter 544,Industrial Branch,churned
2026-01-11 05:58:53.902225,Individual,Sara Akter 811,Individual,sara.akter66@gmail.com,Female,+8801931504886,2026-01-11 05:58:54.259707,Sara Akter 811,Uptown Branch,active
2026-01-11 06:00:53.195176,Individual,Sara Begum 581,Individual,sara.begum15@gmail.com,Male,+8801884014775,2026-01-11 06:00:54.146142,Sara Begum 581,Eastside Branch,active
2026-01-11 06:01:38.294070,Individual,Sara Begum 605,Individual,sara.begum85@gmail.com,Male,+8801564357205,2026-01-11 06:01:38.706445,Sara Begum 605,Mall Branch,active
2026-01-11 06:00:16.453768,Individual,Sara Begum 727,Individual,sara.begum89@gmail.com,Female,+8801324867117,2026-01-11 06:00:17.363090,Sara Begum 727,Downtown Branch,active
2026-01-11 05:57:36.148144,Individual,Sara Chowdhury 437,Individual,sara.chowdhury11@gmail.com,Female,+8801564974676,2026-01-11 05:57:36.504637,Sara Chowdhury 437,Uptown Branch,active
2026-01-11 06:00:46.826152,Individual,Sara Hossain 244,Individual,sara.hossain60@gmail.com,Male,+8801497761723,2026-01-11 06:00:47.197548,Sara Hossain 244,Suburban Branch,active
2026-01-11 06:01:37.753395,Individual,Sara Hossain 497,Individual,sara.hossain63@gmail.com,Male,+8801859508301,2026-01-11 06:01:38.163074,Sara Hossain 497,Suburban Branch,churned
2026-01-11 05:58:22.560365,Individual,Sara Hossain 646,Individual,sara.hossain66@gmail.com,Male,+8801352960667,2026-01-11 05:58:22.921122,Sara Hossain 646,Downtown Branch,active
2026-01-11 05:59:45.687341,Individual,Sara Hossain 868,Individual,sara.hossain84@gmail.com,Male,+8801983864936,2026-01-11 05:59:46.046635,Sara Hossain 868,Uptown Branch,churned
2026-01-11 05:57:39.582544,Individual,Sara Islam 246,Individual,sara.islam99@gmail.com,Female,+8801899941851,2026-01-11 05:57:39.938169,Sara Islam 246,Industrial Branch,at_risk
2026-01-11 05:58:34.623867,Individual,Sara Islam 300,Individual,sara.islam99@gmail.com,Male,+8801413727914,2026-01-11 05:58:34.714009,Sara Islam 300,University Branch,at_risk
2026-01-11 05:56:11.130692,Individual,Sara Islam 806,Individual,sara.islam28@gmail.com,Female,+8801514764997,2026-01-11 05:56:11.225301,Sara Islam 806,Eastside Branch,active
2026-01-11 06:00:15.101571,Individual,Sara Khan 791,Individual,sara.khan37@gmail.com,Male,+8801505278666,2026-01-11 06:00:16.000214,Sara Khan 791,Airport Branch,active
2026-01-11 05:58:55.383155,Individual,Sara Mirza 362,Individual,sara.mirza72@gmail.com,Male,+8801893102656,2026-01-11 05:58:55.791058,Sara Mirza 362,Airport Branch,at_risk
2026-01-11 05:55:56.755636,Individual,Sara Mirza 416,Individual,sara.mirza64@gmail.com,Male,+8801855761528,2026-01-11 05:55:57.121191,Sara Mirza 416,Eastside Branch,active
2026-01-11 05:56:26.916751,Individual,Sara Shah 464,Individual,sara.shah31@gmail.com,Female,+8801522961631,2026-01-11 05:56:27.803875,Sara Shah 464,Suburban Branch,active
2026-01-11 06:00:37.172363,Individual,Sara Shah 467,Individual,sara.shah21@gmail.com,Male,+8801527673733,2026-01-11 06:00:37.604299,Sara Shah 467,Uptown Branch,active
2026-01-11 05:57:56.849978,Individual,Sara Sheikh 716,Individual,sara.sheikh93@gmail.com,Male,+8801375163502,2026-01-11 05:57:57.210115,Sara Sheikh 716,University Branch,active
2026-01-11 05:57:03.814985,Individual,Sara Siddiqui 853,Individual,sara.siddiqui92@gmail.com,Male,+8801774472776,2026-01-11 05:57:04.171866,Sara Siddiqui 853,Industrial Branch,at_risk
2026-01-11 05:57:32.392520,Individual,Sara Uddin 408,Individual,sara.uddin24@gmail.com,Female,+8801732825721,2026-01-11 05:57:32.754295,Sara Uddin 408,Mall Branch,active
2026-01-11 05:58:29.422304,Individual,Sara Uddin 704,Individual,sara.uddin64@gmail.com,Female,+8801855789724,2026-01-11 05:58:29.785604,Sara Uddin 704,Airport Branch,active
2026-01-11 05:58:00.304786,Individual,Tariq Akter 685,Individual,tariq.akter45@gmail.com,Female,+8801713479637,2026-01-11 05:58:01.193047,Tariq Akter 685,Suburban Branch,at_risk
2026-01-11 05:57:10.068384,Individual,Tariq Akter 780,Individual,tariq.akter92@gmail.com,Female,+8801598703063,2026-01-11 05:57:10.429818,Tariq Akter 780,Uptown Branch,active
2026-01-11 05:58:46.663337,Individual,Tariq Hassan 834,Individual,tariq.hassan9@gmail.com,Female,+8801395864587,2026-01-11 05:58:47.080426,Tariq Hassan 834,Southgate Branch,churned
2026-01-11 05:59:00.925570,Individual,Tariq Malik 683,Individual,tariq.malik92@gmail.com,Female,+8801795891231,2026-01-11 05:59:01.284404,Tariq Malik 683,Downtown Branch,at_risk
2026-01-11 05:58:10.317340,Individual,Tariq Shah 261,Individual,tariq.shah68@gmail.com,Female,+8801310665562,2026-01-11 05:58:11.200936,Tariq Shah 261,Southgate Branch,active
2026-01-11 05:57:26.525547,Individual,Tariq Siddiqui 255,Individual,tariq.siddiqui73@gmail.com,Female,+8801325388951,2026-01-11 05:57:27.415633,Tariq Siddiqui 255,Southgate Branch,at_risk
2026-01-11 05:59:27.250684,Individual,Tariq Siddiqui 330,Individual,tariq.siddiqui39@gmail.com,Female,+8801553525165,2026-01-11 05:59:27.608665,Tariq Siddiqui 330,Airport Branch,active
2026-01-11 05:57:31.383991,Individual,Tariq Uddin 941,Individual,tariq.uddin1@gmail.com,Male,+8801746828474,2026-01-11 05:57:32.266000,Tariq Uddin 941,Southgate Branch,churned
2026-01-11 00:18:04.689563,Demo Customer Group,West View Software Ltd.,Company,,,,2026-01-11 00:18:04.689563,West View Software Ltd.,,
2026-01-11 05:58:52.031158,Individual,Yusuf Akter 415,Individual,yusuf.akter29@gmail.com,Female,+8801624859780,2026-01-11 05:58:52.957425,Yusuf Akter 415,University Branch,active
2026-01-11 05:57:38.611740,Individual,Yusuf Akter 447,Individual,yusuf.akter26@gmail.com,Female,+8801745004808,2026-01-11 05:57:38.971635,Yusuf Akter 447,Airport Branch,active
2026-01-11 06:01:20.962979,Individual,Yusuf Ali 111,Individual,yusuf.ali73@gmail.com,Male,+8801796376449,2026-01-11 06:01:21.402848,Yusuf Ali 111,Suburban Branch,active
2026-01-11 05:56:40.700196,Individual,Yusuf Begum 425,Individual,yusuf.begum38@gmail.com,Female,+8801801395695,2026-01-11 05:56:41.610633,Yusuf Begum 425,Mall Branch,churned
2026-01-11 05:56:57.013833,Individual,Yusuf Hassan 401,Individual,yusuf.hassan43@gmail.com,Female,+8801724063941,2026-01-11 05:56:57.898901,Yusuf Hassan 401,Southgate Branch,at_risk
2026-01-11 05:58:43.616053,Individual,Yusuf Hassan 662,Individual,yusuf.hassan76@gmail.com,Male,+8801447209372,2026-01-11 05:58:44.547957,Yusuf Hassan 662,Westend Branch,active
2026-01-11 05:58:35.317562,Individual,Yusuf Islam 887,Individual,yusuf.islam88@gmail.com,Female,+8801708854455,2026-01-11 05:58:36.203763,Yusuf Islam 887,Westend Branch,active
2026-01-11 05:59:36.391034,Individual,Yusuf Khan 278,Individual,yusuf.khan3@gmail.com,Male,+8801323501727,2026-01-11 05:59:37.274349,Yusuf Khan 278,Uptown Branch,active
2026-01-11 05:56:38.027706,Individual,Yusuf Khan 626,Individual,yusuf.khan63@gmail.com,Male,+8801961825615,2026-01-11 05:56:38.953317,Yusuf Khan 626,Westend Branch,active
2026-01-11 06:00:35.108367,Individual,Yusuf Malik 160,Individual,yusuf.malik51@gmail.com,Female,+8801569809055,2026-01-11 06:00:35.484568,Yusuf Malik 160,University Branch,at_risk
2026-01-11 06:01:18.035783,Individual,Yusuf Mirza 652,Individual,yusuf.mirza77@gmail.com,Female,+8801399568188,2026-01-11 06:01:18.494588,Yusuf Mirza 652,Westend Branch,at_risk
2026-01-11 05:56:37.542188,Individual,Yusuf Mirza 751,Individual,yusuf.mirza80@gmail.com,Male,+8801930264560,2026-01-11 05:56:37.904395,Yusuf Mirza 751,University Branch,active
2026-01-11 06:00:51.786012,Individual,Yusuf Mirza 995,Individual,yusuf.mirza8@gmail.com,Female,+8801501366726,2026-01-11 06:00:52.680788,Yusuf Mirza 995,Industrial Branch,at_risk
2026-01-11 05:58:21.077796,Individual,Yusuf Rahman 151,Individual,yusuf.rahman37@gmail.com,Female,+8801445023329,2026-01-11 05:58:21.958146,Yusuf Rahman 151,Eastside Branch,active
2026-01-11 05:56:12.843302,Individual,Yusuf Shah 121,Individual,yusuf.shah15@gmail.com,Female,+8801581403228,2026-01-11 05:56:13.203045,Yusuf Shah 121,University Branch,active
2026-01-11 05:58:14.863764,Individual,Yusuf Shah 262,Individual,yusuf.shah60@gmail.com,Male,+8801940999732,2026-01-11 05:58:15.226572,Yusuf Shah 262,Downtown Branch,churned
2026-01-11 05:58:15.854280,Individual,Yusuf Shah 851,Individual,yusuf.shah13@gmail.com,Female,+8801506566730,2026-01-11 05:58:16.224439,Yusuf Shah 851,Airport Branch,active
2026-01-11 05:56:36.574858,Individual,Yusuf Uddin 656,Individual,yusuf.uddin28@gmail.com,Female,+8801436062471,2026-01-11 05:56:36.932044,Yusuf Uddin 656,Westend Branch,churned
2026-01-11 06:01:36.683916,Individual,Zainab Ahmed 356,Individual,zainab.ahmed27@gmail.com,Female,+8801536637238,2026-01-11 06:01:37.624427,Zainab Ahmed 356,Airport Branch,active
2026-01-11 05:58:11.322933,Individual,Zainab Ahmed 461,Individual,zainab.ahmed16@gmail.com,Female,+8801439790299,2026-01-11 05:58:12.211849,Zainab Ahmed 461,Uptown Branch,active
2026-01-11 05:59:03.866150,Individual,Zainab Akter 442,Individual,zainab.akter77@gmail.com,Female,+8801311791996,2026-01-11 05:59:04.745378,Zainab Akter 442,Industrial Branch,churned
2026-01-11 06:00:39.246593,Individual,Zainab Akter 982,Individual,zainab.akter17@gmail.com,Male,+8801845623172,2026-01-11 06:00:39.640444,Zainab Akter 982,Downtown Branch,active
2026-01-11 05:56:10.152398,Individual,Zainab Ali 161,Individual,zainab.ali31@gmail.com,Male,+8801837814774,2026-01-11 05:56:10.509936,Zainab Ali 161,Mall Branch,churned
2026-01-11 05:56:09.660701,Individual,Zainab Ali 753,Individual,zainab.ali55@gmail.com,Male,+8801697021914,2026-01-11 05:56:10.022195,Zainab Ali 753,Westend Branch,active
2026-01-11 06:01:05.156065,Individual,Zainab Begum 790,Individual,zainab.begum17@gmail.com,Male,+8801682014186,2026-01-11 06:01:05.611723,Zainab Begum 790,Eastside Branch,at_risk
2026-01-11 05:57:39.092802,Individual,Zainab Chowdhury 147,Individual,zainab.chowdhury54@gmail.com,Male,+8801506684339,2026-01-11 05:57:39.460253,Zainab Chowdhury 147,Mall Branch,at_risk
2026-01-11 06:01:36.140406,Individual,Zainab Chowdhury 444,Individual,zainab.chowdhury64@gmail.com,Male,+8801303683771,2026-01-11 06:01:36.552738,Zainab Chowdhury 444,Westend Branch,at_risk
2026-01-11 05:55:46.516352,Individual,Zainab Hassan 668,Individual,zainab.hassan85@gmail.com,Female,+8801748957295,2026-01-11 05:55:47.407703,Zainab Hassan 668,Southgate Branch,at_risk
2026-01-11 05:59:13.188890,Individual,Zainab Khan 258,Individual,zainab.khan26@gmail.com,Female,+8801601415396,2026-01-11 05:59:14.075748,Zainab Khan 258,Westend Branch,active
2026-01-11 05:55:54.457887,Individual,Zainab Khan 445,Individual,zainab.khan90@gmail.com,Male,+8801880952301,2026-01-11 05:55:54.815112,Zainab Khan 445,Suburban Branch,churned
2026-01-11 05:57:21.008804,Individual,Zainab Mirza 494,Individual,zainab.mirza20@gmail.com,Male,+8801397679324,2026-01-11 05:57:21.893084,Zainab Mirza 494,Downtown Branch,active
2026-01-11 05:59:22.873480,Individual,Zainab Mirza 630,Individual,zainab.mirza82@gmail.com,Female,+8801902631584,2026-01-11 05:59:23.230220,Zainab Mirza 630,Suburban Branch,churned
2026-01-11 05:59:43.160948,Individual,Zainab Rahman 970,Individual,zainab.rahman97@gmail.com,Male,+8801495158737,2026-01-11 05:59:43.521157,Zainab Rahman 970,Eastside Branch,active
2026-01-11 05:59:34.938344,Individual,Zainab Sheikh 389,Individual,zainab.sheikh68@gmail.com,Male,+8801317148184,2026-01-11 05:59:35.299760,Zainab Sheikh 389,Southgate Branch,active
2026-01-11 06:00:56.507323,Individual,Zainab Sheikh 518,Individual,zainab.sheikh53@gmail.com,Male,+8801550421401,2026-01-11 06:00:56.928979,Zainab Sheikh 518,Airport Branch,active
